-- MySQL dump 10.13  Distrib 5.5.31, for debian-linux-gnu (i686)
--
-- Host: localhost    Database: pas
-- ------------------------------------------------------
-- Server version	5.5.31-0ubuntu0.12.04.2

/*!40101 SET @OLD_CHARACTER_SET_CLIENT=@@CHARACTER_SET_CLIENT */;
/*!40101 SET @OLD_CHARACTER_SET_RESULTS=@@CHARACTER_SET_RESULTS */;
/*!40101 SET @OLD_COLLATION_CONNECTION=@@COLLATION_CONNECTION */;
/*!40101 SET NAMES utf8 */;
/*!40103 SET @OLD_TIME_ZONE=@@TIME_ZONE */;
/*!40103 SET TIME_ZONE='+00:00' */;
/*!40014 SET @OLD_UNIQUE_CHECKS=@@UNIQUE_CHECKS, UNIQUE_CHECKS=0 */;
/*!40014 SET @OLD_FOREIGN_KEY_CHECKS=@@FOREIGN_KEY_CHECKS, FOREIGN_KEY_CHECKS=0 */;
/*!40101 SET @OLD_SQL_MODE=@@SQL_MODE, SQL_MODE='NO_AUTO_VALUE_ON_ZERO' */;
/*!40111 SET @OLD_SQL_NOTES=@@SQL_NOTES, SQL_NOTES=0 */;

--
-- Table structure for table `option_dependencies`
--

DROP TABLE IF EXISTS `option_dependencies`;
/*!40101 SET @saved_cs_client     = @@character_set_client */;
/*!40101 SET character_set_client = utf8 */;
CREATE TABLE `option_dependencies` (
  `id` int(11) NOT NULL DEFAULT '0',
  `option_id` int(12) DEFAULT NULL,
  `dependent_option_id` int(12) DEFAULT NULL,
  `value` varchar(100) DEFAULT NULL,
  `action` varchar(20) DEFAULT NULL,
  `default_value_id` int(12) DEFAULT NULL,
  `priority` int(11) NOT NULL DEFAULT '0'
) ENGINE=InnoDB DEFAULT CHARSET=latin1;
/*!40101 SET character_set_client = @saved_cs_client */;

--
-- Dumping data for table `option_dependencies`
--

LOCK TABLES `option_dependencies` WRITE;
/*!40000 ALTER TABLE `option_dependencies` DISABLE KEYS */;
INSERT INTO `option_dependencies` VALUES (1,5,7,'16','1',NULL,0),(9,5,8,'16','1',NULL,0),(4,5,1,'11-12','1',1,0),(5,5,4,'11-12','1',NULL,20),(6,5,6,'11-12','1',NULL,10),(7,5,3,'11-12','1',NULL,5),(8,5,2,'11-12','1',NULL,20),(10,6,2,'15','1',NULL,0),(11,65,71,'586','1',NULL,0),(12,63,72,'579','1',NULL,0);
/*!40000 ALTER TABLE `option_dependencies` ENABLE KEYS */;
UNLOCK TABLES;

--
-- Table structure for table `option_group_entries`
--

DROP TABLE IF EXISTS `option_group_entries`;
/*!40101 SET @saved_cs_client     = @@character_set_client */;
/*!40101 SET character_set_client = utf8 */;
CREATE TABLE `option_group_entries` (
  `id` int(11) NOT NULL DEFAULT '0',
  `option_group_id` int(11) DEFAULT NULL,
  `option_id` int(11) DEFAULT NULL,
  `default_value_id` int(12) DEFAULT NULL,
  `sort_order` int(3) DEFAULT '0',
  `type` int(2) DEFAULT '0'
) ENGINE=InnoDB DEFAULT CHARSET=latin1;
/*!40101 SET character_set_client = @saved_cs_client */;

--
-- Dumping data for table `option_group_entries`
--

LOCK TABLES `option_group_entries` WRITE;
/*!40000 ALTER TABLE `option_group_entries` DISABLE KEYS */;
INSERT INTO `option_group_entries` VALUES (1,1,5,11,0,0),(11,11,15,0,1,0),(12,12,12,NULL,2,0),(13,12,13,NULL,5,0),(14,12,14,NULL,3,0),(15,13,15,NULL,4,0),(16,13,23,NULL,4,0),(28,19,21,NULL,10,0),(18,13,18,NULL,1,0),(19,11,18,NULL,2,0),(20,14,28,NULL,1,0),(21,14,27,NULL,10,0),(22,14,16,NULL,15,0),(23,14,19,NULL,4,0),(24,14,18,NULL,3,0),(25,17,18,NULL,0,0),(26,18,19,NULL,0,0),(27,18,20,NULL,0,0),(62,29,40,NULL,13,0),(30,20,11,NULL,20,0),(31,20,18,NULL,10,0),(32,20,31,NULL,20,0),(34,20,19,NULL,20,0),(35,20,17,NULL,20,0),(36,19,18,NULL,0,0),(37,19,31,NULL,20,0),(39,19,19,NULL,25,0),(40,21,18,NULL,0,0),(41,21,31,NULL,0,0),(68,23,18,NULL,0,0),(43,21,26,NULL,0,0),(44,21,19,NULL,0,0),(45,22,18,NULL,0,0),(46,22,31,NULL,0,0),(86,24,22,NULL,0,0),(48,22,19,NULL,0,0),(88,23,13,NULL,0,0),(87,23,12,NULL,0,0),(89,13,19,NULL,30,0),(52,24,19,NULL,10,0),(90,34,18,NULL,0,0),(54,15,18,NULL,0,0),(55,15,20,NULL,0,0),(56,25,11,NULL,0,0),(57,26,20,NULL,0,0),(58,16,22,NULL,0,0),(61,19,17,NULL,22,0),(63,29,16,NULL,15,0),(64,29,19,NULL,10,0),(65,29,18,NULL,5,0),(66,15,19,NULL,10,0),(75,31,33,NULL,0,0),(70,30,18,NULL,0,0),(73,31,18,NULL,0,0),(72,30,32,NULL,0,0),(76,12,18,NULL,0,0),(77,25,18,NULL,0,0),(78,26,18,NULL,0,0),(79,32,18,NULL,0,0),(80,33,18,NULL,0,0),(81,33,35,NULL,0,0),(82,33,23,NULL,0,0),(84,16,18,NULL,0,0),(85,16,19,NULL,0,0),(91,34,41,NULL,0,0),(92,35,18,NULL,0,0),(93,35,42,NULL,0,0),(94,33,19,NULL,0,0),(95,1000,57,168,6,0),(96,36,56,567,6,1),(97,36,58,460,7,1),(98,36,60,457,0,0),(99,36,61,455,4,1),(100,36,55,413,5,1),(101,36,54,409,3,0),(102,36,53,405,4,1),(103,36,51,401,100,1),(104,10,56,567,30,0),(105,10,58,460,20,0),(106,10,60,457,10,0),(107,6,60,NULL,10,0),(108,37,62,574,30,0),(109,37,63,578,10,0),(110,37,54,409,40,0),(111,38,64,580,0,0),(112,38,65,583,5,0),(113,38,70,598,10,0),(114,38,66,588,15,0),(115,39,67,NULL,0,0),(116,39,68,NULL,0,0),(117,39,69,NULL,0,0),(118,0,0,NULL,0,0);
/*!40000 ALTER TABLE `option_group_entries` ENABLE KEYS */;
UNLOCK TABLES;

--
-- Table structure for table `option_groups`
--

DROP TABLE IF EXISTS `option_groups`;
/*!40101 SET @saved_cs_client     = @@character_set_client */;
/*!40101 SET character_set_client = utf8 */;
CREATE TABLE `option_groups` (
  `id` int(12) NOT NULL DEFAULT '0',
  `name` varchar(30) DEFAULT NULL,
  `description` varchar(100) DEFAULT NULL
) ENGINE=InnoDB DEFAULT CHARSET=latin1;
/*!40101 SET character_set_client = @saved_cs_client */;

--
-- Dumping data for table `option_groups`
--

LOCK TABLES `option_groups` WRITE;
/*!40000 ALTER TABLE `option_groups` DISABLE KEYS */;
INSERT INTO `option_groups` VALUES (1,'mtm vertical blind',NULL),(6,'rm_roller','Ready Made Roller Blind'),(10,'tbd_roller_blind',NULL),(11,'tbd_premier','Touched by Design Premier'),(12,'global_deluxe','Global Deluxe'),(13,'styleline_express_plus','Styleline Express Plus'),(14,'decora_sunwood','Decora Sunwood'),(15,'decora_elegance','Decora Elegance'),(16,'global_blinds','Global Privacy'),(17,'tbd_designer','touched by design designer'),(19,'timberlux_25_50','Timberlux 25 and 50mm'),(20,'timberlux_25_35_50','Timberlux 25 35 and 50mm'),(21,'timberlux_50','Timberlux 50mm'),(22,'timberlux_shutter_style','Timberlux Shutter Style'),(23,'illumin8_express_aluminium','Illumin8 Express Aluminium'),(24,'global_privacy_63','global_privacy_63mm'),(25,'decorshade_classic_25_35_50','Decorshade Classic 25 35 and 50mm'),(26,'decorshade_classic_35_50','Decorshade Classic 35 and 50mm'),(29,'decora_sunwood_50mm','Decora Sunwood 50mm'),(30,'tbd_designer_white','Designer White'),(31,'tbd_premier_64','Touched by design premier 64'),(32,'decorshade_recess','Decorshade Recess Only'),(33,'styline_express_plus_25_50','Styleline express 35 and 50mm'),(34,'tbd_pure_white_27_50','Touched by Design Premier Simply White'),(35,'arena_expressions','Arena Expressions'),(36,'mtm roller blinds',''),(37,'mtm_roman_blind','Made to Measure Roman Blind'),(38,'mtm_curtain','Made to Measure Curtain'),(39,'cushion','Cushion');
/*!40000 ALTER TABLE `option_groups` ENABLE KEYS */;
UNLOCK TABLES;

--
-- Table structure for table `option_value_dependencies`
--

DROP TABLE IF EXISTS `option_value_dependencies`;
/*!40101 SET @saved_cs_client     = @@character_set_client */;
/*!40101 SET character_set_client = utf8 */;
CREATE TABLE `option_value_dependencies` (
  `id` int(11) NOT NULL DEFAULT '0',
  `option_value_id` int(11) DEFAULT NULL,
  `option_dependency_id` int(11) DEFAULT NULL
) ENGINE=InnoDB DEFAULT CHARSET=latin1;
/*!40101 SET character_set_client = @saved_cs_client */;

--
-- Dumping data for table `option_value_dependencies`
--

LOCK TABLES `option_value_dependencies` WRITE;
/*!40000 ALTER TABLE `option_value_dependencies` DISABLE KEYS */;
INSERT INTO `option_value_dependencies` VALUES (1,NULL,NULL);
/*!40000 ALTER TABLE `option_value_dependencies` ENABLE KEYS */;
UNLOCK TABLES;

--
-- Table structure for table `option_values`
--

DROP TABLE IF EXISTS `option_values`;
/*!40101 SET @saved_cs_client     = @@character_set_client */;
/*!40101 SET character_set_client = utf8 */;
CREATE TABLE `option_values` (
  `id` int(10) unsigned NOT NULL DEFAULT '0',
  `value` varchar(100) DEFAULT NULL,
  `image` varchar(100) DEFAULT NULL,
  `option_id` int(10) unsigned DEFAULT NULL,
  `description` tinytext,
  `product_id` int(10) DEFAULT NULL,
  `priority` smallint(3) DEFAULT '0',
  `price` varchar(20) DEFAULT NULL,
  `cost` varchar(20) DEFAULT NULL,
  `discontinued` int(1) DEFAULT '0'
) ENGINE=InnoDB DEFAULT CHARSET=latin1;
/*!40101 SET character_set_client = @saved_cs_client */;

--
-- Dumping data for table `option_values`
--

LOCK TABLES `option_values` WRITE;
/*!40000 ALTER TABLE `option_values` DISABLE KEYS */;
INSERT INTO `option_values` VALUES (101,'25mm','25mm.jpg',11,'25mm Slat Size',NULL,0,NULL,NULL,0),(102,'35mm','35mm.jpg',11,'35mm Slat Size',NULL,5,NULL,NULL,0),(103,'50mm','50mm.jpg',11,'50mm Slat Size',NULL,10,NULL,NULL,0),(104,'Left',NULL,12,'Tilt Controls on the Left',NULL,1,NULL,NULL,0),(105,'Right',NULL,12,'Tilt Controls on the Right',NULL,2,NULL,NULL,0),(106,'Left',NULL,13,'Raise Lower Controls to the Left',NULL,1,NULL,NULL,0),(107,'Right',NULL,13,'Raise Lower Controls to the Right',NULL,2,NULL,NULL,0),(108,'No Thanks','no_hold_down.jpg',14,'Hold Down Brackets',NULL,1,NULL,NULL,0),(109,'Clear Plastic','hold_down.jpg',14,'Clear Plastic Hold Down Brackets',NULL,2,'3.5','1.25',0),(110,'27mm','27mm.jpg',15,'27mm Slat Size',NULL,1,NULL,NULL,0),(111,'35mm','35mm.jpg',15,'35mm Slat Size',NULL,2,NULL,NULL,0),(112,'50mm','50mm.jpg',15,'50mm Slat Size',NULL,3,NULL,NULL,0),(113,'Unstained','unstained.jpg',16,'Unstained Ends',NULL,0,NULL,NULL,0),(114,'Stained','stained.jpg',16,'Stained Ends',NULL,0,'5%','5%',0),(172,'Celadon 38mm','txladdertimeless-celadon.jpg',17,'Celadon 38mm',1,0,NULL,NULL,0),(171,'Blush Decorative 42mm','txladderdecorative-blush.jpg',17,'Blush Decorative 42mm',1,30,NULL,NULL,0),(170,'Black 38mm','txladdertimeless-black.jpg',17,'Black 38mm',1,140,NULL,NULL,0),(169,'Black 25mm','txladdertimeless-black.jpg',17,'Black 25mm',1,140,NULL,NULL,0),(168,'Black 19mm','txladdertimeless-black.jpg',17,'Black 19mm',1,140,NULL,NULL,0),(167,'Amber Basket Weave 38mm','txladderbasket-amber.jpg',17,'Amber Basket Weave 38mm',1,20,NULL,NULL,0),(166,'Alice Blue 38mm','txladdertimeless-aliceblue.jpg',17,'Alice Blue 38mm',1,0,NULL,NULL,0),(146,'Exact','exact-blind-size.jpg',18,'Exact Size',NULL,0,NULL,NULL,0),(147,'Recess','inside-recess-width-web.jpg',18,'Recess Size',NULL,0,NULL,NULL,0),(161,'50mm','50mm.jpg',21,'50mm Slat Size',NULL,5,NULL,NULL,0),(160,'25mm','25mm.jpg',21,'25mm Slat Size',NULL,10,NULL,NULL,0),(153,'50mm','50mm.jpg',20,'50mm Slat Size',NULL,0,NULL,NULL,0),(152,'35mm','35mm.jpg',20,'35mm Slat Size',NULL,0,NULL,NULL,0),(148,'Left Only','left_returns.jpg',19,'Left Only',NULL,5,NULL,NULL,0),(149,'Right Only','right_returns.jpg',19,'Right Only',NULL,10,NULL,NULL,0),(150,'Left and Right','both_returns.jpg',19,'Left and Right',NULL,15,NULL,NULL,0),(151,'None','\"no_returns.jpg',NULL,NULL,NULL,NULL,NULL,NULL,NULL),(12,'Deluxe Headrail',NULL,5,'Deluxe White Headrail',NULL,0,NULL,NULL,1),(162,'50mm','50mm.jpg',22,'50mm Slat Size',NULL,0,NULL,NULL,0),(163,'63mm','63mm.jpg',22,'63mm Slat Size',NULL,0,NULL,NULL,0),(164,'Unstained','unstained.jpg',23,'Unstained Ends',NULL,0,NULL,NULL,0),(165,'Stained','stained.jpg',23,'Stained Ends',NULL,0,'16','8',0),(173,'Chocolate 19mm','txladdertimeless-chocolate.jpg',17,'Chocolate 19mm',1,90,NULL,NULL,0),(174,'Chocolate 25mm','txladdertimeless-chocolate.jpg',17,'Chocolate 25mm',1,90,NULL,NULL,0),(175,'Chocolate 38mm','txladdertimeless-chocolate.jpg',17,'Chocolate 38mm',1,90,NULL,NULL,0),(176,'Cocoa 38mm','txladdertimeless-cocoa.jpg',17,'Cocoa 38mm',1,80,NULL,NULL,0),(177,'Colonial Grey Basket Weave 38m','txladderbasket-colonialgrey.jpg',17,'Colonial Grey Basket Weave 38m',1,20,NULL,NULL,0),(178,'Corn Silk 38mm','txladdertimeless-cornsilk.jpg',17,'Corn Silk 38mm',1,0,NULL,NULL,0),(179,'Dark Beige 19mm','txladdertimeless-darkbeige.jpg',17,'Dark Beige 19mm',1,0,NULL,NULL,0),(180,'Dark Beige 25mm','txladdertimeless-darkbeige.jpg',17,'Dark Beige 25mm',1,0,NULL,NULL,0),(181,'Dark Beige 38mm','txladdertimeless-darkbeige.jpg',17,'Dark Beige 38mm',1,0,NULL,NULL,0),(182,'Duck 19mm','txladdertimeless-duck.jpg',17,'Duck 19mm',1,10,NULL,NULL,0),(183,'Duck 25mm','txladdertimeless-duck.jpg',17,'Duck 25mm',1,10,NULL,NULL,0),(184,'Duck 38mm','txladdertimeless-duck.jpg',17,'Duck 38mm',1,10,NULL,NULL,0),(185,'Forest 19mm','txladdertimeless-forest.jpg',17,'Forest 19mm',1,100,NULL,NULL,0),(186,'Forest 25mm','txladdertimeless-forest.jpg',17,'Forest 25mm',1,100,NULL,NULL,0),(187,'Forest 38mm','txladdertimeless-forest.jpg',17,'Forest 38mm',1,100,NULL,NULL,0),(188,'Grey 38mm','txladdertimeless-grey.jpg',17,'Grey 38mm',1,0,NULL,NULL,0),(189,'Khaki Basket Weave 38mm','txladderbasket-khaki.jpg',17,'Khaki Basket Weave 38mm',1,20,NULL,NULL,0),(190,'Lavender Decorative 42mm','txladderdecorative-lavender.jpg',17,'Lavender Decorative 42mm',1,30,NULL,NULL,0),(191,'Light Beige 19mm','txladdertimeless-lightbeige.jpg',17,'Light Beige 19mm',1,10,NULL,NULL,0),(192,'Light Beige 25mm','txladdertimeless-lightbeige.jpg',17,'Light Beige 25mm',1,10,NULL,NULL,0),(193,'Light Beige 38mm','txladdertimeless-lightbeige.jpg',17,'Light Beige 38mm',1,10,NULL,NULL,0),(194,'Linen Beige Basket Weave 38mm','txladderbasket-linenbeige.jpg',17,'Linen Beige Basket Weave 38mm',1,20,NULL,NULL,0),(195,'Maroon 19mm','txladdertimeless-maroon.jpg',17,'Maroon 19mm',1,85,NULL,NULL,0),(196,'Maroon 25mm','txladdertimeless-maroon.jpg',17,'Maroon 25mm',1,85,NULL,NULL,0),(197,'Maroon 38mm','txladdertimeless-maroon.jpg',17,'Maroon 38mm',1,85,NULL,NULL,0),(198,'Mocha Decorative 42mm','txladderdecorative-mocha.jpg',17,'Mocha Decorative 42mm',1,30,NULL,NULL,0),(199,'Natural 19mm','txladdertimeless-natural.jpg',17,'Natural 19mm',1,10,NULL,NULL,0),(200,'Natural 25mm','txladdertimeless-natural.jpg',17,'Natural 25mm',1,10,NULL,NULL,0),(201,'Natural 38mm','txladdertimeless-natural.jpg',17,'Natural 38mm',1,10,NULL,NULL,0),(202,'None','lxstrings.jpg',17,'None',0,-1,NULL,NULL,0),(203,'Oyster Decorative 42mm','txladderdecorative-oyster.jpg',17,'Oyster Decorative 42mm',1,30,NULL,NULL,0),(204,'Pistachio Decorative 42mm','txladderdecorative-pistachio.jpg',17,'Pistachio Decorative 42mm',1,30,NULL,NULL,0),(205,'Pompeii 19mm','txladdertimeless-pompeii.jpg',17,'Pompeii 19mm',1,0,NULL,NULL,0),(206,'Pompeii 25mm','txladdertimeless-pompeii.jpg',17,'Pompeii 25mm',1,0,NULL,NULL,0),(207,'Pompeii 38mm','txladdertimeless-maroon.jpg',17,'Pompeii 38mm',1,0,NULL,NULL,0),(208,'Sage Basket Weave 38mm','txladderbasket-sage.jpg',17,'Sage Basket Weave 38mm',1,20,NULL,NULL,0),(209,'Sandstone Basket Weave 38mm','txladderbasket-sandstone.jpg',17,'Sandstone Basket Weave 38mm',1,20,NULL,NULL,0),(210,'Sky Decorative 42mm','txladderdecorative-sky.jpg',17,'Sky Decorative 42mm',1,30,NULL,NULL,0),(211,'Taupe 19mm','txladdertimeless-taupe.jpg',17,'Taupe 19mm',1,0,NULL,NULL,0),(212,'Taupe 25mm','txladdertimeless-taupe.jpg',17,'Taupe 25mm',1,0,NULL,NULL,0),(213,'Taupe 38mm','txladdertimeless-taupe.jpg',17,'Taupe 38mm',1,0,NULL,NULL,0),(214,'Wheat 38mm','txladdertimeless-wheat.jpg',17,'Wheat 38mm',1,0,NULL,NULL,0),(215,'White Basket Weave 38mm','txladderbasket-white.jpg',17,'White Basket Weave 38mm',1,20,NULL,NULL,0),(216,'White Smoke 38mm','txladdertimeless-whitesmoke.jpg',17,'White Smoke 38mm',1,5,NULL,NULL,0),(217,'Celadon 38mm','txladdertimeless-celadon.jpg',26,'Celadon 38mm',1,0,NULL,NULL,0),(218,'Blush Decorative 42mm','txladderdecorative-blush.jpg',26,'Blush Decorative 42mm',1,0,NULL,NULL,0),(219,'Black 38mm','txladdertimeless-black.jpg',26,'Black 38mm',1,140,NULL,NULL,0),(220,'Black 25mm','txladdertimeless-black.jpg',26,'Black 25mm',1,140,NULL,NULL,0),(221,'Amber Basket Weave 38mm','txladderbasket-amber.jpg',26,'Amber Basket Weave 38mm',1,0,NULL,NULL,0),(222,'Alice Blue 38mm','txladdertimeless-aliceblue.jpg',26,'Alice Blue 38mm',1,0,NULL,NULL,0),(223,'Chocolate 25mm','txladdertimeless-chocolate.jpg',26,'Chocolate 25mm',1,0,NULL,NULL,0),(224,'Chocolate 38mm','txladdertimeless-chocolate.jpg',26,'Chocolate 38mm',1,0,NULL,NULL,0),(225,'Cocoa 38mm','txladdertimeless-cocoa.jpg',26,'Cocoa 38mm',1,0,NULL,NULL,0),(226,'Colonial Grey Basket Weave 38m','txladderbasket-colonialgrey.jpg',26,'Colonial Grey Basket Weave 38m',1,0,NULL,NULL,0),(227,'Corn Silk 38mm','txladdertimeless-cornsilk.jpg',26,'Corn Silk 38mm',1,5,NULL,NULL,0),(228,'Dark Beige 25mm','txladdertimeless-darkbeige.jpg',26,'Dark Beige 25mm',1,0,NULL,NULL,0),(229,'Dark Beige 38mm','txladdertimeless-darkbeige.jpg',26,'Dark Beige 38mm',1,0,NULL,NULL,0),(230,'Duck 25mm','txladdertimeless-duck.jpg',26,'Duck 25mm',1,0,NULL,NULL,0),(231,'Duck 38mm','txladdertimeless-duck.jpg',26,'Duck 38mm',1,0,NULL,NULL,0),(232,'Forest 25mm','txladdertimeless-forest.jpg',26,'Forest 25mm',1,0,NULL,NULL,0),(233,'Forest 38mm','txladdertimeless-forest.jpg',26,'Forest 38mm',1,0,NULL,NULL,0),(234,'Grey 38mm','txladdertimeless-grey.jpg',26,'Grey 38mm',1,0,NULL,NULL,0),(235,'Khaki Basket Weave 38mm','txladderbasket-khaki.jpg',26,'Khaki Basket Weave 38mm',1,0,NULL,NULL,0),(236,'Lavender Decorative 42mm','txladderdecorative-lavender.jpg',26,'Lavender Decorative 42mm',1,0,NULL,NULL,0),(237,'Light Beige 25mm','txladdertimeless-lightbeige.jpg',26,'Light Beige 25mm',1,0,NULL,NULL,0),(238,'Light Beige 38mm','txladdertimeless-lightbeige.jpg',26,'Light Beige 38mm',1,0,NULL,NULL,0),(239,'Linen Beige Basket Weave 38mm','txladderbasket-linenbeige.jpg',26,'Linen Beige Basket Weave 38mm',1,0,NULL,NULL,0),(240,'Maroon 25mm','txladdertimeless-maroon.jpg',26,'Maroon 25mm',1,0,NULL,NULL,0),(241,'Maroon 38mm','txladdertimeless-maroon.jpg',26,'Maroon 38mm',1,0,NULL,NULL,0),(242,'Mocha Decorative 42mm','txladderdecorative-mocha.jpg',26,'Mocha Decorative 42mm',1,0,NULL,NULL,0),(243,'Natural 25mm','txladdertimeless-natural.jpg',26,'Natural 25mm',1,0,NULL,NULL,0),(244,'Natural 38mm','txladdertimeless-natural.jpg',26,'Natural 38mm',1,0,NULL,NULL,0),(245,'None','lxstrings.jpg',26,'None',0,0,NULL,NULL,0),(246,'Oyster Decorative 42mm','txladderdecorative-oyster.jpg',26,'Oyster Decorative 42mm',1,0,NULL,NULL,0),(247,'Pistachio Decorative 42mm','txladderdecorative-pistachio.jpg',26,'Pistachio Decorative 42mm',1,0,NULL,NULL,0),(248,'Pompeii 25mm','txladdertimeless-pompeii.jpg',26,'Pompeii 25mm',1,0,NULL,NULL,0),(249,'Pompeii 38mm','txladdertimeless-maroon.jpg',26,'Pompeii 38mm',1,0,NULL,NULL,0),(250,'Sage Basket Weave 38mm','txladderbasket-sage.jpg',26,'Sage Basket Weave 38mm',1,0,NULL,NULL,0),(251,'Sandstone Basket Weave 38mm','txladderbasket-sandstone.jpg',26,'Sandstone Basket Weave 38mm',1,0,NULL,NULL,0),(252,'Sky Decorative 42mm','txladderdecorative-sky.jpg',26,'Sky Decorative 42mm',1,0,NULL,NULL,0),(253,'Taupe 25mm','txladdertimeless-taupe.jpg',26,'Taupe 25mm',1,0,NULL,NULL,0),(254,'Taupe 38mm','txladdertimeless-taupe.jpg',26,'Taupe 38mm',1,0,NULL,NULL,0),(255,'Wheat 38mm','txladdertimeless-wheat.jpg',26,'Wheat 38mm',1,0,NULL,NULL,0),(256,'White Basket Weave 38mm','txladderbasket-white.jpg',26,'White Basket Weave 38mm',1,0,NULL,NULL,0),(257,'White Smoke 38mm','txladdertimeless-whitesmoke.jpg',26,'White Smoke 38mm',1,0,NULL,NULL,0),(258,'Camel 19mm','_DCLT19CAM.jpg',27,'Camel 19mm',1,9,NULL,NULL,0),(259,'Camel 25mm','_DCLT25CAM.jpg',27,'Camel 25mm',1,9,NULL,NULL,0),(260,'Camel 38mm','_DCLT38CAM.jpg',27,'Camel 38mm',1,23,NULL,NULL,0),(261,'Chalk 19mm','_DCLT19CHA.jpg',27,'Chalk 19mm',1,4,NULL,NULL,0),(262,'Chalk 25mm','_DCLT25CHA.jpg',27,'Chalk 25mm',1,4,NULL,NULL,0),(263,'Chalk 38mm','_DCLT38CHA.jpg',27,'Chalk 38mm',1,18,NULL,NULL,0),(264,'Coffee 19mm','_DCLT19COF.jpg',27,'Coffee 19mm',1,10,NULL,NULL,0),(265,'Coffee 25mm','_DCLT25COF.jpg',27,'Coffee 25mm',1,10,NULL,NULL,0),(266,'Coffee 38mm','_DCLT38COF.jpg',27,'Coffee 38mm',1,24,NULL,NULL,0),(267,'Cotton 19mm','_DCLT19COT.jpg',27,'Cotton 19mm',1,6,NULL,NULL,0),(268,'Cotton 25mm','_DCLT25COT.jpg',27,'Cotton 25mm',1,6,NULL,NULL,0),(269,'Cotton 38mm','_DCLT38COT.jpg',27,'Cotton 38mm',1,20,NULL,NULL,0),(270,'Ecru 19mm','_DCLT19ECR.jpg',27,'Ecru 19mm',1,5,NULL,NULL,0),(271,'Ecru 25mm','_DCLT25ECR.jpg',27,'Ecru 25mm',1,5,NULL,NULL,0),(272,'Ecru 38mm','_DCLT38ECR.jpg',27,'Ecru 38mm',1,19,NULL,NULL,0),(273,'Henna 19mm','_DCLT19HEN.jpg',27,'Henna 19mm',1,2,NULL,NULL,0),(274,'Henna 25mm','_DCLT25HEN.jpg',27,'Henna 25mm',1,2,NULL,NULL,0),(275,'Henna 38mm','_DCLT38HEN.jpg',27,'Henna 38mm',1,16,NULL,NULL,0),(276,'Hessian 19mm','_DCLT19HES.jpg',27,'Hessian 19mm',1,3,NULL,NULL,0),(277,'Hessian 25mm','_DCLT25HES.jpg',27,'Hessian 25mm',1,3,NULL,NULL,0),(278,'Hessian 38mm','_DCLT38HES.jpg',27,'Hessian 38mm',1,17,NULL,NULL,0),(279,'Jet 19mm','_DCLT19JET.jpg',27,'Jet 19mm',1,1,NULL,NULL,0),(280,'Jet 25mm','_DCLT25JET.jpg',27,'Jet 25mm',1,1,NULL,NULL,0),(281,'Jet 38mm','_DCLT38JET.jpg',27,'Jet 38mm',1,15,NULL,NULL,0),(282,'Latte 19mm','_DCLT19LAT.jpg',27,'Latte 19mm',1,7,NULL,NULL,0),(283,'Latte 25mm','_DCLT25LAT.jpg',27,'Latte 25mm',1,7,NULL,NULL,0),(284,'Latte 38mm','_DCLT38LAT.jpg',27,'Latte 38mm',1,21,NULL,NULL,0),(285,'Mist 19mm','_DCLT19MIS.jpg',27,'Mist 19mm',1,8,NULL,NULL,0),(286,'Mist 25mm','_DCLT25MIS.jpg',27,'Mist 25mm',1,8,NULL,NULL,0),(287,'Mist 38mm','_DCLT38MIS.jpg',27,'Mist 38mm',1,22,NULL,NULL,0),(288,'Ink 19mm','_DCLT25NAV.jpg',27,'Ink 19mm',1,13,NULL,NULL,0),(289,'Ink 25mm','_DCLT25NAV.jpg',27,'Ink 25mm',1,13,NULL,NULL,0),(290,'Ink 38mm','_DCLT25NAV.jpg',27,'Ink 38mm',1,27,NULL,NULL,0),(291,'None','lxstrings.jpg',27,'None',0,0,NULL,NULL,0),(292,'Olive 19mm','_DCLT25OLI.jpg',27,'Olive 19mm',1,11,NULL,NULL,0),(293,'Olive 25mm','_DCLT25OLI.jpg',27,'Olive 25mm',1,11,NULL,NULL,0),(294,'Olive 38mm','_DCLT25OLI.jpg',27,'Olive 38mm',1,25,NULL,NULL,0),(295,'Steel 19mm','_DCLT19STE.jpg',27,'Steel 19mm',1,14,NULL,NULL,0),(296,'Steel 25mm','_DCLT25STE.jpg',27,'Steel 25mm',1,14,NULL,NULL,0),(297,'Steel 38mm','_DCLT38STE.jpg',27,'Steel 38mm',1,28,NULL,NULL,0),(298,'Toffee 19mm','_DCLT25TOF.jpg',27,'Toffee 19mm',1,12,NULL,NULL,0),(299,'Toffee 25mm','_DCLT25TOF.jpg',27,'Toffee 25mm',1,12,NULL,NULL,0),(300,'Toffee 38mm','_DCLT25TOF.jpg',27,'Toffee 38mm',1,26,NULL,NULL,0),(301,'25mm','25mm.jpg',28,'25mm Slat Size',1,0,NULL,NULL,0),(302,'35mm','35mm.jpg',28,'35mm Slat Size',2,0,NULL,NULL,0),(303,'50mm','50mm.jpg',28,'50mm Slat Size',3,0,NULL,NULL,0),(304,'Left',NULL,29,NULL,NULL,0,NULL,NULL,0),(305,'Right',NULL,29,NULL,NULL,0,NULL,NULL,0),(306,'Left',NULL,30,NULL,NULL,0,NULL,NULL,0),(307,'Right',NULL,30,NULL,NULL,0,NULL,NULL,0),(308,'Standard Controls (Tilt Left - Raise/Lower Right)',NULL,31,NULL,NULL,0,NULL,NULL,0),(309,'Left Controls (Tilt Left - Raise/Lower Left)',NULL,31,NULL,NULL,0,NULL,NULL,0),(310,'Right Controls(Tilt Right - Raise/Lower Right)',NULL,31,NULL,NULL,0,NULL,NULL,0),(311,'Raise Lower Left - Tilt Right',NULL,31,NULL,NULL,0,NULL,NULL,0),(312,'50mm','50mm.jpg',32,'50mm Slat Size',NULL,0,NULL,NULL,0),(313,'64mm','50mm.jpg',32,'64mm Slat Size',NULL,0,NULL,NULL,0),(314,'27mm','27mm.jpg',33,'27mm Slat Size',NULL,0,NULL,NULL,0),(315,'35mm','35mm.jpg',33,'35mm Slat Size',NULL,0,NULL,NULL,0),(316,'50mm','50mm.jpg',33,'50mm Slat Size',NULL,0,NULL,NULL,0),(317,'64mm','50mm.jpg',33,'64mm Slat Size',NULL,0,NULL,NULL,0),(318,'35mm','35mm.jpg',35,NULL,NULL,0,NULL,NULL,0),(319,'50mm','50mm.jpg',35,NULL,NULL,0,NULL,NULL,0),(320,'Camel 25mm','_DCLT25CAM.jpg',40,'Camel 25mm',1,9,NULL,NULL,0),(321,'Camel 38mm','_DCLT38CAM.jpg',40,'Camel 38mm',1,23,NULL,NULL,0),(322,'Chalk 25mm','_DCLT25CHA.jpg',40,'Chalk 25mm',1,4,NULL,NULL,0),(323,'Chalk 38mm','_DCLT38CHA.jpg',40,'Chalk 38mm',1,18,NULL,NULL,0),(324,'Coffee 25mm','_DCLT25COF.jpg',40,'Coffee 25mm',1,10,NULL,NULL,0),(325,'Coffee 38mm','_DCLT38COF.jpg',40,'Coffee 38mm',1,24,NULL,NULL,0),(326,'Cotton 25mm','_DCLT25COT.jpg',40,'Cotton 25mm',1,6,NULL,NULL,0),(327,'Cotton 38mm','_DCLT38COT.jpg',40,'Cotton 38mm',1,20,NULL,NULL,0),(328,'Ecru 25mm','_DCLT25ECR.jpg',40,'Ecru 25mm',1,5,NULL,NULL,0),(329,'Ecru 38mm','_DCLT38ECR.jpg',40,'Ecru 38mm',1,19,NULL,NULL,0),(330,'Henna 25mm','_DCLT25HEN.jpg',40,'Henna 25mm',1,2,NULL,NULL,0),(331,'Henna 38mm','_DCLT38HEN.jpg',40,'Henna 38mm',1,16,NULL,NULL,0),(332,'Hessian 25mm','_DCLT25HES.jpg',40,'Hessian 25mm',1,3,NULL,NULL,0),(333,'Hessian 38mm','_DCLT38HES.jpg',40,'Hessian 38mm',1,17,NULL,NULL,0),(334,'Jet 25mm','_DCLT25JET.jpg',40,'Jet 25mm',1,1,NULL,NULL,0),(335,'Jet 38mm','_DCLT38JET.jpg',40,'Jet 38mm',1,15,NULL,NULL,0),(336,'Latte 25mm','_DCLT25LAT.jpg',40,'Latte 25mm',1,7,NULL,NULL,0),(337,'Latte 38mm','_DCLT38LAT.jpg',40,'Latte 38mm',1,21,NULL,NULL,0),(338,'Mist 25mm','_DCLT25MIS.jpg',40,'Mist 25mm',1,8,NULL,NULL,0),(339,'Mist 38mm','_DCLT38MIS.jpg',40,'Mist 38mm',1,22,NULL,NULL,0),(340,'Ink 25mm','_DCLT25NAV.jpg',40,'Ink 25mm',1,13,NULL,NULL,0),(341,'Ink 38mm','_DCLT25NAV.jpg',40,'Ink 38mm',1,27,NULL,NULL,0),(342,'None','lxstrings.jpg',40,'None',0,0,NULL,NULL,0),(343,'Olive 25mm','_DCLT25OLI.jpg',40,'Olive 25mm',1,11,NULL,NULL,0),(344,'Olive 38mm','_DCLT25OLI.jpg',40,'Olive 38mm',1,25,NULL,NULL,0),(345,'Steel 25mm','_DCLT25STE.jpg',40,'Steel 25mm',1,14,NULL,NULL,0),(346,'Steel 38mm','_DCLT38STE.jpg',40,'Steel 38mm',1,28,NULL,NULL,0),(347,'Toffee 25mm','_DCLT25TOF.jpg',40,'Toffee 25mm',1,12,NULL,NULL,0),(348,'Toffee 38mm','_DCLT25TOF.jpg',40,'Toffee 38mm',1,26,NULL,NULL,0),(349,'27mm','27mm.jpg',41,'27mm Slat Size',NULL,0,NULL,NULL,1),(350,'50mm','50mm.jpg',41,'50mm Slat Size',NULL,0,NULL,NULL,0),(351,'38mm','27mm.jpg',42,'38mm Slat Size',NULL,0,NULL,NULL,0),(352,'50mm','50mm.jpg',42,'50mm Slat Size',NULL,0,NULL,NULL,0),(353,'63mm','63mm.jpg',42,'63mm Slat Size',NULL,0,NULL,NULL,0),(9,'Top Fix','topfix.jpg',4,'Top Fix',NULL,0,NULL,NULL,0),(10,'Face Fix','facefix.jpg',4,'Face Fix',NULL,0,NULL,NULL,0),(11,'Standard Headrail',NULL,5,'Standard White Headrail',NULL,0,NULL,NULL,0),(8,'Center Stacking','centrevstack.gif',3,'Center Stacking',NULL,20,NULL,NULL,0),(7,'Split Stacking','splitvstack.gif',3,'Split Stacking',NULL,0,NULL,NULL,0),(6,'Right Stacking','rightvstack.gif',3,'Stacked to Right',NULL,0,NULL,NULL,0),(5,'Left Stacking','leftvstack.gif',3,'Stacked to Left',NULL,0,NULL,NULL,0),(4,'Right Controls',NULL,2,'Controls to Right',NULL,0,NULL,NULL,0),(3,'Left Controls',NULL,2,'Controls to Left',NULL,0,NULL,NULL,0),(2,'Exact Blind Size',NULL,1,'Exact Size',NULL,0,NULL,NULL,0),(1,'Recess Size',NULL,1,'Recess Size',NULL,0,NULL,NULL,0),(401,'White','decora-brackets-white.jpg',51,'White',1,0,NULL,NULL,0),(402,'Brown','decora-brackets-brown.jpg',51,'Brown',NULL,0,NULL,NULL,0),(403,'Chain Sidewinder',NULL,52,'Chain Sidewinder',2,0,NULL,NULL,0),(404,'Spring Pull',NULL,62,'Spring Pull',2,0,NULL,NULL,1),(405,'White(plastic)','decora-chain-white.jpg',53,'White(plastic)',131,0,NULL,NULL,0),(406,'Brown(plastic)','decora-chain-brown.jpg',53,'Brown(plastic)',132,0,NULL,NULL,0),(407,'Steel','decora-chain-steel.jpg',53,'Steel',133,0,NULL,NULL,0),(408,'Left','left.jpg',54,'Left',NULL,0,NULL,NULL,0),(409,'Right','right.jpg',54,'Right',NULL,0,NULL,NULL,0),(410,'Morroco','morroco.gif',55,'Morroco',NULL,0,NULL,NULL,1),(411,'Palascade','palascade.gif',55,'Palascade',NULL,0,NULL,NULL,0),(412,'Colonial','colonial.gif',55,'Colonial',NULL,0,NULL,NULL,0),(413,'None','noscallop.gif',55,'None',NULL,-1,NULL,NULL,0),(414,'Roma','roma.gif',55,'Roma',NULL,0,NULL,NULL,1),(415,'Temple','temple.gif',55,'Temple',NULL,0,NULL,NULL,1),(416,'Square','square.gif',55,'Square',NULL,0,NULL,NULL,1),(417,'Scalloped','scalloped.gif',55,'Scalloped',NULL,0,NULL,NULL,0),(418,'Castille','castille.gif',55,'Castille',NULL,0,NULL,NULL,1),(419,'Acorn - chrome effect (12mm)','acorn-chrome-pole.jpg',57,'Acorn - chrome effect (12mm)',NULL,7,NULL,NULL,1),(420,'Acorn - brass (12mm)','acorn-brass-pole.jpg',57,'Acorn - brass (12mm)',NULL,6,NULL,NULL,1),(421,'Spiral- silver (12mm)','spiral-silver-pole.jpg',127,'Spiral- silver (12mm)',NULL,0,NULL,NULL,0),(422,'Spiral - gold (12mm)','spiral-gold-pole.jpg',127,'Spiral - gold (12mm)',NULL,0,NULL,NULL,0),(423,'Globe - gold (12mm)','globe-gold-pole.jpg',57,'Globe - gold (12mm)',NULL,5,NULL,NULL,0),(424,'Globe - silver (13mm)','globe-silver-pole.jpg',57,'Globe - silver (13mm)',NULL,4,NULL,NULL,0),(425,'Globe - black (16mm)','globe-black-pole.jpg',127,'Globe - black (16mm)',NULL,0,NULL,NULL,0),(426,'Barrel - gold (13mm)','barrel-gold-pole.jpg',57,'Barrel - gold (13mm)',NULL,3,NULL,NULL,0),(427,'Barrel - silver (13mm)','barrel-silver-pole.jpg',57,'Barrel - silver (13mm)',NULL,2,NULL,NULL,0),(428,'Bullet - white (13mm)','bullet-white-pole.jpg',127,'Bullet - white (13mm)',NULL,0,NULL,NULL,0),(429,'Bullet - pine (13mm)','bullet-pine-pole.jpg',127,'Bullet - pine (13mm)',NULL,0,NULL,NULL,0),(430,'Bullet - teak (13mm)','bullet-teak-pole.jpg',127,'Bullet - teak (13mm)',NULL,0,NULL,NULL,0),(431,'Bullet - mahogany (13mm)','bullet-mahogany-pole.jpg',127,'Bullet - mahogany (13mm)',NULL,0,NULL,NULL,0),(432,'Bullet - blue (13mm)','bullet-blue-pole',127,'Bullet - blue (13mm)',NULL,0,NULL,NULL,0),(433,'Bullet - green (13mm)','bullet-green-pole.jpg',127,'Bullet - green (13mm)',NULL,0,NULL,NULL,0),(434,'Classic - pine (13mm)','classic-pine-pole.jpg',127,'Classic - pine (13mm)',NULL,0,NULL,NULL,0),(435,'Classic - pine (16mm)','classic-pine-pole.jpg',127,'Classic - pine (16mm)',NULL,0,NULL,NULL,0),(436,'Classic - teak (13mm)','classic-teak-pole.jpg',127,'Classic - teak (13mm)',NULL,0,NULL,NULL,0),(437,'Classic - teak (16mm)','classic-teak-pole.jpg',127,'Classic - teak (16mm)',NULL,0,NULL,NULL,0),(438,'Classic - mahogany (13mm)','classic-mahogany-pole.jpg',127,'Classic - mahogany (13mm)',NULL,0,NULL,NULL,0),(439,'Classic - mahogany (16mm)','classic-mahogany-pole.jpg',127,'Classic - mahogany (16mm)',NULL,0,NULL,NULL,0),(440,'Classic - white (13mm)','classic-white-pole.jpg',127,'Classic - white (13mm)',NULL,0,NULL,NULL,0),(441,'Classic - white (16mm)',NULL,127,'Classic - white (16mm)',NULL,0,NULL,NULL,0),(442,'Classic - blue (13mm)',NULL,127,'Classic - blue (13mm)',NULL,0,NULL,NULL,0),(443,'Classic - blue (16mm)',NULL,127,'Classic - blue (16mm)',NULL,0,NULL,NULL,0),(444,'Key tassel cream','key-tassle-cream-pull.jpg',58,'Key tassel cream',108,4,'2.94','1.25',0),(445,'Turks head small white','turks-head-white-pull.jpg',58,'Turks head small white',110,4,'4.63','1.97',1),(446,'Turks head large white','turks-head-white-pull.jpg',58,'Turks head large white',112,4,'5.26','2.24',0),(448,'Bell tassel matt nickel','bell-tassle-matt-nickel-pull.jpg',58,'Bell tassel matt nickel',105,4,'4.16','1.77',0),(449,'Key tassel natural','key-tassle-natural-pull.jpg',58,'Key tassel natural',109,4,'2.94','1.25',1),(450,'Turks head large ivory','turks-head-ivory-pull.jpg',58,'Turks head large ivory',111,4,'5.26','2.24',1),(451,'Turks head small ivory','turks-head-ivory-pull.jpg',58,'Turks head small ivory',111,4,'4.63','1.97',0),(452,'Bullet nickel','bullet-nickel-pull.jpg',58,'Bullet nickel',107,4,'4.16','1.77',0),(570,'Lumina','lumina_togg.jpg',58,'Glass/Chrome Decorative toggle',114,0,NULL,NULL,0),(454,'Bullet brushed brass','bullet-brushed-brass-pull.jpg',58,'Bullet brushed brass',106,4,'4.16','1.77',0),(455,'standard','standard.jpg',61,'standard',NULL,0,NULL,NULL,0),(456,'None','nobraid.jpg',59,'None',NULL,-1,NULL,NULL,0),(457,'Recess Size','inside_recess.jpg',60,'Recess size',NULL,2,NULL,NULL,0),(458,'Cloth Size','blind_size.jpg',60,'Cloth size',NULL,10,NULL,NULL,0),(459,'Exact Blind Size','outside_recess.jpg',60,'Exact blind size',NULL,4,NULL,NULL,0),(460,'None','notoggle.gif',58,'None',NULL,-1,NULL,NULL,0),(461,'Waves','waves.gif',55,'Waves',NULL,0,NULL,NULL,0),(462,'Bow','bow.gif',127,'Bow',NULL,0,NULL,NULL,0),(463,'Cambridge cool blue','_DC-CAMBR-COOLB.jpg',59,'Cambridge cool blue',NULL,0,NULL,NULL,1),(464,'Cambridge neutral','_DC-CAMBR-NEUTR.jpg',59,'Cambridge neutral',NULL,0,NULL,NULL,1),(465,'Cambridge autumn','_DC-CAMBR-AUTUM.jpg',59,'Cambridge autumn',NULL,0,NULL,NULL,1),(466,'Cambridge aura','_DC-CAMBR-AURA0.jpg',59,'Cambridge aura',NULL,0,NULL,NULL,1),(467,'Uber creme','_DC-UBER0-CREME.jpg',59,'Uber creme',NULL,0,NULL,NULL,0),(468,'Uber java','_DC-UBER0-JAVA0.JPG',59,'Uber java',NULL,0,NULL,NULL,0),(469,'Uber noir','_DC-UBER0-NOIR0.jpg',59,'Uber noir',NULL,0,NULL,NULL,0),(470,'Shirin crystal','_DC-SHIRI-CRYST.jpg',59,'Shirin crystal',NULL,0,NULL,NULL,1),(471,'Shirin opal','_DC-SHIRI-OPAL0.jpg',59,'Shirin opal',NULL,0,NULL,NULL,0),(472,'Shirin amber','_DC-SHIRI-AMBER.jpg',59,'Shirin amber',NULL,0,NULL,NULL,0),(473,'Shirin amethyst','_DC-SHIRI-AMETH.jpg',59,'Shirin amethyst',NULL,0,NULL,NULL,0),(474,'Bombay night','_DC-BOMBA-NIGHT.jpg',59,'Bombay night',NULL,0,NULL,NULL,1),(475,'Bombay twilight','_DC-BOMBA-TWILI.jpg',59,'Bombay twilight',NULL,0,NULL,NULL,1),(476,'Eton fossil','_DC-ETON0-FOSSI.jpg',59,'Eton fossil',NULL,0,NULL,NULL,0),(477,'Eton cream','_DC-ETON0-CREAME.jpg',59,'Eton cream',NULL,0,NULL,NULL,0),(478,'Eton cookie','_DC-ETON0-COOKI.jpg',59,'Eton cookie',NULL,0,NULL,NULL,0),(479,'Eton truffle','_DC-ETON0-TRUFF.jpg',59,'Eton truffle',NULL,0,NULL,NULL,0),(480,'Eton expresso','_DC-ETON0-ESPRE.jpg',59,'Eton expresso',NULL,0,NULL,NULL,0),(481,'Eton verity','_DC-ETON0-VERIT.jpg',59,'Eton verity',NULL,0,NULL,NULL,0),(482,'Eton sunshine','_DC-ETON0-SUNSH.jpg',59,'Eton sunshine',NULL,0,NULL,NULL,0),(483,'Eton pumpkin','_DC-ETON0-PUMPK.jpg',59,'Eton pumpkin',NULL,0,NULL,NULL,0),(484,'Eton spice','_DC-ETON0-SPICE.jpg',59,'Eton spice',NULL,0,NULL,NULL,0),(485,'Eton bubblegum','_DC-ETON0-BUBBL.jpg',59,'Eton bubblegum',NULL,0,NULL,NULL,0),(486,'Eton jewel','_DC-ETON0-JEWEL.jpg',59,'Eton jewel',NULL,0,NULL,NULL,0),(487,'Eton ocean','_DC-ETON0-OCEAN.jpg',59,'Eton ocean',NULL,0,NULL,NULL,0),(488,'Eton cyan','_DC-ETON0-CYAN0.jpg',59,'Eton cyan',NULL,0,NULL,NULL,0),(489,'Eton sky','_DC-ETON0-SKY00.jpg',59,'Eton sky',NULL,0,NULL,NULL,0),(490,'Eton moonstone','_DC-ETON0-MOONS.jpg',59,'Eton moonstone',NULL,0,NULL,NULL,0),(491,'Eton teal','_DC-ETON0-TEAL0.jpg',59,'Eton teal',NULL,0,NULL,NULL,0),(492,'Eton lime','_DC-ETON0-LIME0.jpg',59,'Eton lime',NULL,0,NULL,NULL,0),(493,'Eton olive','_DC-ETON0-OLIVE.jpg',59,'Eton olive',NULL,0,NULL,NULL,0),(494,'Eton caviar','_DC-ETON0-CAVIA.jpg',59,'Eton caviar',NULL,0,NULL,NULL,0),(495,'Kensington stone','_DC-KENSI-STONE.jpg',59,'Kensington stone',NULL,0,NULL,NULL,0),(496,'Kensington aqua','_DC-KENSI-AQUA0.jpg',59,'Kensington aqua',NULL,0,NULL,NULL,0),(497,'Kensington red','_DC-KENSI-RED00.jpg',59,'Kensington red',NULL,0,NULL,NULL,0),(498,'Kensington brown','_DC-KENSI-BROWN.jpg',59,'Kensington brown',NULL,0,NULL,NULL,0),(499,'Kensington navy','_DC-KENSI-NAVY0.jpg',59,'Kensington navy',NULL,0,NULL,NULL,0),(500,'Kensington black','_DC-KENSI-BLACK.jpg',59,'Kensington black',NULL,0,NULL,NULL,0),(501,'Pemberley linen','_DC-PEMBE-LINEN.jpg',59,'Pemberley linen',NULL,0,NULL,NULL,0),(502,'Ealing linen','_DC-EALIN-LINEN.jpg',59,'Ealing linen',NULL,0,NULL,NULL,0),(503,'Komo pearl','_DC-KOMO0-PEARL.jpg',59,'Komo pearl',NULL,0,NULL,NULL,0),(504,'Komo barley','_DC-KOMO0-BARLE.jpg',59,'Komo barley',NULL,0,NULL,NULL,0),(505,'Komo champagne','_DC-KOMO0-CHAMP.jpg',59,'Komo champagne',NULL,0,NULL,NULL,0),(506,'Komo taupe','_DC-KOMO0-TAUPE.jpg',59,'Komo taupe',NULL,0,NULL,NULL,0),(507,'Matisse white','_DC-MATIS-WHITE.jpg',59,'Matisse white',NULL,0,NULL,NULL,0),(508,'Matisse satel','_DC-MATIS-SATEL.jpg',59,'Matisse satel',NULL,0,NULL,NULL,0),(509,'Matisse saffron','_DC-MATIS-SAFFR.jpg',59,'Matisse saffron',54,0,NULL,NULL,0),(510,'Navari bianco','_DC-NAVAR-BIANC.jpg',59,'Navari bianco',542,0,NULL,NULL,0),(511,'Navari chalk','_DC-NAVAR-CHALK.jpg',59,'Navari chalk',543,0,NULL,NULL,0),(512,'Navari almond','_DC-NAVAR-ALMON.jpg',59,'Navari almond',541,0,NULL,NULL,0),(513,'Navari nero','_DC-NAVAR-NERO0.jpg',59,'Navari nero',544,0,NULL,NULL,0),(514,'Cambridge cool blue','_DC-CAMBR-COOLB.jpg',56,'Cambridge cool blue',2765,0,NULL,NULL,1),(515,'Cambridge neutral','_DC-CAMBR-NEUTR.jpg',56,'Cambridge neutral',2766,0,NULL,NULL,1),(516,'Cambridge autumn','_DC-CAMBR-AUTUM.jpg',56,'Cambridge autumn',2764,0,NULL,NULL,1),(517,'Cambridge aura','_DC-CAMBR-AURA0.jpg',56,'Cambridge aura',2763,0,NULL,NULL,1),(518,'Uber creme','_DC-UBER0-CREME.jpg',56,'Uber creme',2809,0,NULL,NULL,0),(519,'Uber java','_DC-UBER0-JAVA0.jpg',56,'Uber java',2810,0,NULL,NULL,0),(520,'Uber noir','_DC-UBER0-NOIR0.jpg',56,'Uber noir',2811,0,NULL,NULL,0),(521,'Shirin crystal','_DC-SHIRI-CRYST.jpg',56,'Shirin crystal',2807,0,NULL,NULL,0),(522,'Shirin opal','_DC-SHIRI-OPAL0.jpg',56,'Shirin opal',2809,0,NULL,NULL,0),(523,'Shirin amber','_DC-SHIRI-AMBER.jpg',56,'Shirin amber',2805,0,NULL,NULL,0),(524,'Shirin amethyst','_DC-SHIRI-AMETH.jpg',56,'Shirin amethyst',2806,0,NULL,NULL,0),(525,'Bombay night','_DC-BOMBA-NIGHT.jpg',56,'Bombay night',2761,0,NULL,NULL,1),(526,'Bombay twilight','_DC-BOMBA-TWILI.jpg',56,'Bombay twilight',2762,0,NULL,NULL,1),(527,'Eton fossil','_DC-ETON0-FOSSI.jpg',56,'Eton fossil',2774,0,NULL,NULL,0),(528,'Eton cream','_DC-ETON0-CREAM.jpg',56,'Eton cream',NULL,0,NULL,NULL,1),(529,'Eton cookie','_DC-ETON0-COOKI.jpg',56,'Eton cookie',2770,0,NULL,NULL,0),(530,'Eton truffle','_DC-ETON0-TRUFF.jpg',56,'Eton truffle',2784,0,NULL,NULL,0),(531,'Eton expresso','_DC-ETON0-ESPRE.jpg',56,'Eton expresso',2773,0,NULL,NULL,0),(532,'Eton verity','_DC-ETON0-VERIT.jpg',56,'Eton verity',2785,0,NULL,NULL,0),(533,'Eton sunshine','_DC-ETON0-SUNSH.jpg',56,'Eton sunshine',2782,0,NULL,NULL,0),(534,'Eton pumpkin','_DC-ETON0-PUMPK.jpg',56,'Eton pumpkin',2779,0,NULL,NULL,0),(535,'Eton spice','_DC-ETON0-SPICE.jpg',56,'Eton spice',2781,0,NULL,NULL,0),(536,'Eton bubblegum','_DC-ETON0-BUBBL.jpg',56,'Eton bubblegum',2768,0,NULL,NULL,0),(537,'Eton wine','_DC-ETON0-WINE0.jpg',56,'Eton wine',2786,0,NULL,NULL,0),(538,'Eton jewel','_DC-ETON0-JEWEL.jpg',56,'Eton jewel',2775,0,NULL,NULL,0),(539,'Eton ocean','_DC-ETON0-OCEAN.jpg',56,'Eton ocean',NULL,0,NULL,NULL,1),(540,'Eton cyan','_DC-ETON0-CYAN0.jpg',56,'Eton cyan',2772,0,NULL,NULL,0),(541,'Eton sky','_DC-ETON0-SKY00.jpg',56,'Eton sky',2780,0,NULL,NULL,0),(542,'Eton moonstone','_DC-ETON0-MOONS.jpg',56,'Eton moonstone',2777,0,NULL,NULL,0),(543,'Eton teal','_DC-ETON0-TEAL0.jpg',56,'Eton teal',2783,0,NULL,NULL,0),(544,'Eton lime','_DC-ETON0-LIME0.jpg',56,'Eton lime',2776,0,NULL,NULL,0),(545,'Eton olive','_DC-ETON0-OLIVE.jpg',56,'Eton olive',2778,0,NULL,NULL,0),(546,'Eton caviar','_DC-ETON0-CAVIA.jpg',56,'Eton caviar',NULL,0,NULL,NULL,1),(547,'Kensington stone','_DC-KENSI-STONE.jpg',56,'Kensington stone',2792,0,NULL,NULL,0),(548,'Kensington aqua','_DC-KENSI-AQUA0.jpg',56,'Kensington aqua',2787,0,NULL,NULL,0),(549,'Kensington red','_DC-KENSI-RED00.jpg',56,'Kensington red',2791,0,NULL,NULL,1),(550,'Kensington brown','_DC-KENSI-BROWN.jpg',56,'Kensington brown',2789,0,NULL,NULL,0),(551,'Kensington navy','_DC-KENSI-NAVY0.jpg',56,'Kensington navy',2790,0,NULL,NULL,1),(552,'Kensington black','_DC-KENSI-BLACK.jpg',56,'Kensington black',2788,0,NULL,NULL,0),(553,'Pemberley linen','_DC-PEMBE-LINEN.jpg',56,'Pemberley linen',2804,0,NULL,NULL,0),(554,'Ealing linen','_DC-EALIN-LINEN.jpg',56,'Ealing linen',2767,0,NULL,NULL,1),(555,'Komo pearl','_DC-KOMO0-PEARL.jpg',56,'Komo pearl',2795,0,NULL,NULL,0),(556,'Komo barley','_DC-KOMO0-BARLE.jpg',56,'Komo barley',2793,0,NULL,NULL,0),(557,'Komo champagne','_DC-KOMO0-CHAMP.jpg',56,'Komo champagne',2794,0,NULL,NULL,0),(558,'Komo taupe','_DC-KOMO0-TAUPE.jpg',56,'Komo taupe',2796,0,NULL,NULL,0),(559,'Matisse white','_DC-MATIS-WHITE.jpg',56,'Matisse white',NULL,0,NULL,NULL,1),(560,'Mattisse satel','_DC-MATIS-SATEL.jpg',56,'Mattisse satel',NULL,0,NULL,NULL,1),(561,'reverse','reverse.jpg',61,'reverse',NULL,0,NULL,NULL,0),(562,'Matisse saffron','_DC-MATIS-SAFFR.jpg',56,'Matisse saffron',3598,0,NULL,NULL,0),(563,'Navari bianca','_DC-NAVAR-BIANC.jpg',56,'Navari bianca',NULL,0,NULL,NULL,1),(564,'Naviri chalk','_DC-NAVAR-CHALK.jpg',56,'Naviri chalk',NULL,0,NULL,NULL,1),(565,'Navari almond','_DC-NAVAR-ALMON.jpg',56,'Navari almond',NULL,0,NULL,NULL,1),(566,'Navari nero','_DC-NAVAR-NERO0.jpg',56,'Navari nero',2803,0,NULL,NULL,0),(567,'None','nobraid.jpg',56,'None',NULL,-1,NULL,NULL,0),(571,'Lustra','lustra_togg.jpg',58,'Glass/Chrome Decorative toggle',115,0,NULL,NULL,0),(569,'Nova','nova_togg.jpg',58,'Glass/Chrome Decorative toggle',113,0,NULL,NULL,0),(568,'None',NULL,57,NULL,NULL,-11,NULL,NULL,0),(572,'Luna','luna_togg.jpg',58,'Glass/Chrome Decorative toggle',116,0,NULL,NULL,0),(573,'Spectra','spectra_togg.jpg',58,'Glass/Chrome Decorative toggle',117,0,NULL,NULL,0),(13,'No Child Safety','none.jpg',6,'No Child Safety Oprions',NULL,0,NULL,NULL,1),(14,'Chain Tidy','clip.jpg',6,'Cord and Chain Tidy',NULL,0,NULL,NULL,0),(15,'Wand System','wand.jpg',6,'Wand System',NULL,0,NULL,NULL,0),(16,'Louvres Only',NULL,5,'No Headrail Louvres Only',NULL,0,NULL,NULL,0),(17,'Yes',NULL,7,'Would Like Chains',NULL,0,NULL,NULL,0),(18,'No',NULL,7,'No Chains',NULL,0,NULL,NULL,0),(19,'Yes',NULL,8,'Would like Weights',NULL,0,NULL,NULL,0),(20,'No',NULL,8,'No Weights',NULL,0,NULL,NULL,0),(574,'Standard Lining','lining_standard.jpg',62,'<p>Standard Lining</p><p>Fully lined with our ivory polycotton lining.</p>',1,1,NULL,NULL,0),(575,'Blackout Lining','lining_blackout.jpg',62,'<p>Blackout Lining</p><p>Fully lined with our ivory coloured blackout lining.Will stop more sunlight than our standard lining, darkening your room.<br />Ideal for children\'s bedrooms and for night workers.</p>',2,5,NULL,NULL,0),(576,'Thermal Lining','lining_thermal.jpg',62,'<p> Thermal Lining</p><p>Lined and Interlined uses two linings to look beautiful and help the blinds to hang better and also cut out the light.</p>',15,10,NULL,NULL,0),(577,'No Lining','lining_none.jpg',62,'<p>No Lining</p><p>Lined and Interlined uses two linings to look beautiful and help the blinds to hang better and also cut out the light.</p>',0,0,NULL,NULL,0),(578,'Standard Headrail','standard_headrail.jpg',63,'<p>Our Standard headrail comes with white chain. </p>',3,1,NULL,NULL,0),(579,'Deluxe Headrail','deluxe_headrail.jpg',63,'<p>Deluxe Headrail available with choice of chain colour.</p>',4,0,NULL,NULL,0),(580,'Pair of Curtains',NULL,64,NULL,NULL,0,NULL,NULL,0),(581,'Single Pulled to Left',NULL,64,NULL,NULL,0,NULL,NULL,0),(582,'Single Pulled to Right',NULL,64,NULL,NULL,0,NULL,NULL,0),(583,'Pencil Pleat','pencil_pleat.jpg',65,'Pencil Pleat',NULL,0,NULL,NULL,0),(584,'Pinch Pleat','pinch_pleat.jpg',65,'Pinch Pleat',NULL,0,NULL,NULL,0),(585,'Tab Top','tab_top.jpg',65,'Tab Top',NULL,0,NULL,NULL,0),(586,'Eyelet','eyelet.jpg',65,'Eyelet',NULL,0,NULL,NULL,0),(587,'Goblet Pleat','goblet_pleat.jpg',65,'Goblet Pleat',NULL,0,NULL,NULL,0),(588,'No Tieback','tieback.jpg',66,'No Tieback',NULL,0,NULL,NULL,0),(589,'Piped Tieback','piped_tiebacks.jpg',66,'Piped Tieback',NULL,0,NULL,NULL,0),(590,'Plain Tieback','plain_tiebacks.jpg',66,'Plain Tieback',NULL,0,NULL,NULL,0),(591,'45 cm',NULL,67,NULL,NULL,0,NULL,NULL,0),(592,'60 cm',NULL,67,NULL,NULL,0,NULL,NULL,0),(593,'Self Piped',NULL,68,NULL,NULL,1,NULL,NULL,0),(594,'Plain',NULL,68,NULL,NULL,0,NULL,NULL,0),(595,'Cover Only(no pad)',NULL,69,NULL,0,0,NULL,NULL,0),(596,'Feather',NULL,69,NULL,2,0,NULL,NULL,0),(597,'Polyester',NULL,69,NULL,1,0,NULL,NULL,0),(598,'Standard Lining','lining_standard.jpg',70,'Standard Lining <p>Fully lined with our ivory polycotton lining.</p>',1,0,NULL,NULL,0),(599,'Blackout Lining','lining_blackout.jpg',70,'Blackout Lining <p>Fully lined with our blackout lining. </p>',2,0,NULL,NULL,0),(600,'Thermal Lining','lining_thermal.jpg',70,'Thermal Lining <p>Fully lined with our ivory coloured thermal lining. Makes your room more energy efficient by reducing heat loss at your windows. </p>',3,0,NULL,NULL,0),(601,'Interlined','lining_interlined.jpg',70,'Interlined <p>Fully lined with our ivory coloured thermal lining. Makes your room more energy efficient by reducing heat loss at your windows. </p>',4,0,NULL,NULL,0),(602,'No lining','lining_none.jpg',70,'No lining <p>Your curtain will have no lining</p>',NULL,0,NULL,NULL,0),(603,'40mm Plain Brass','40-plain-brass.jpg',71,NULL,NULL,0,NULL,NULL,0),(604,'66mm Plain Brass','66-plain-brass.jpg',71,NULL,NULL,0,NULL,NULL,0),(605,'40mm Chrome','40-chrome.jpg',71,NULL,NULL,0,NULL,NULL,0),(606,'40mm Satin Nickel','40-satin-nickel.jpg',71,NULL,NULL,0,NULL,NULL,0),(607,'40mm Oxy Black','40-oxy-black.jpg',71,NULL,NULL,0,NULL,NULL,0),(608,'40mm Antique Brass','40-antique-brass.jpg',71,NULL,NULL,0,NULL,NULL,0),(609,'40mm Bright Gunmetal','40-bright-gunmetal.jpg',71,NULL,NULL,0,NULL,NULL,0),(610,'66mm Chrome','66-chrome.jpg',71,NULL,NULL,0,NULL,NULL,0),(611,'66mm Satin Nickel','66-satin-nickel.jpg',71,NULL,NULL,0,NULL,NULL,0),(612,'66mm Oxy Black','66-oxy-black.jpg',71,NULL,NULL,0,NULL,NULL,0),(613,'66mm Antique Brass','66-antique-brass.jpg',71,NULL,NULL,0,NULL,NULL,0),(614,'66mm Bright Gunmetal','66-bright-gunmetal.jpg',71,NULL,NULL,0,NULL,NULL,0),(615,'Interlined','lining_interlined.jpg',62,'<p>Interlined</p><p>Fully lined with our ivory coloured padded interlining. Makes your curtains look sumptuous and with the benefits of our thermal lining.\n</p>',16,0,NULL,NULL,0),(616,'White Chain','white_chain.jpg',72,NULL,5,0,NULL,NULL,0),(617,'Silver Chain','silver_chain.jpg',72,NULL,6,0,NULL,NULL,0),(618,'Brass Chain','brass_chain.jpg',72,NULL,7,0,NULL,NULL,0),(620,'None','',19,'None',NULL,20,NULL,NULL,0);
/*!40000 ALTER TABLE `option_values` ENABLE KEYS */;
UNLOCK TABLES;

--
-- Table structure for table `options`
--

DROP TABLE IF EXISTS `options`;
/*!40101 SET @saved_cs_client     = @@character_set_client */;
/*!40101 SET character_set_client = utf8 */;
CREATE TABLE `options` (
  `id` int(10) unsigned NOT NULL DEFAULT '0',
  `name` varchar(50) DEFAULT NULL,
  `image` varchar(100) DEFAULT NULL,
  `description` text,
  `long_name` varchar(100) DEFAULT NULL,
  `product_id` int(11) DEFAULT '0'
) ENGINE=InnoDB DEFAULT CHARSET=latin1;
/*!40101 SET character_set_client = @saved_cs_client */;

--
-- Dumping data for table `options`
--

LOCK TABLES `options` WRITE;
/*!40000 ALTER TABLE `options` DISABLE KEYS */;
INSERT INTO `options` VALUES (1,'Measurement Type',NULL,'<p>Select which measurement type you would like to use.<a href=\"../pages/vertical_measure\"> See Measuring Guide for More Details</a></p>\n<h2>Recess Size</h2>\n<p>The blind will be fitted inside the recess. We make the adjustments to the size you enter to ensure it fits neatly inside the recess.</p>\n<h2>Exact Blind Size - Outside Recess</h2>\n<p>The blind will be made to the exact measurements you enter. Select this is you want the blind to fit outside the recess<p>\n',NULL,0),(2,'Side of Controls',NULL,'<p>Please select which side of the blind you would like your controls.</p>',NULL,0),(3,'Stacking of Louvres',NULL,'<p>Please select how you want the louvres to be stacked.</p>',NULL,0),(4,'Fixing Brackets',NULL,'<p>Please select top fix or face fix. Face fix allows the headrail to be fastened to the window frame, top fix allows the headrail to be fastened to the ceiling.<p>',NULL,0),(5,'Headrail',NULL,'<p>Please select either standard headrail or if you want louvres only and keep your existing headrail select louvres only</p><p><h2>Louvres Only</h2><p>Select louvres only from the Headrail selection if you only require replacement Louvres</p><a href=\"../pages/vertical_measure\"> See Measuring Guide for More Details</a></p>',NULL,0),(6,'Child Safety Options',NULL,'<p>We have a choice of child safety options available to minimiise the risk of injury to your little ones.</p>\n<ul>\n<li> Safety Clip - Keeps the cord and chain controls out of reach and prevents loops</li>\n<li>Wand System - There are no cords or chains as they are replaced with a wand system</li>\n</ul>\n',NULL,0),(7,'Louvre Chains',NULL,'<p>Select if you would like louvre chains with your louvres only</p>\n',NULL,0),(8,'Louvre Weights',NULL,'<p>Select if you would like louvre weights with your louvres</p>',NULL,0),(11,'Slat Size',NULL,'Select your preferred slatsize from the options below.<br />Smaller slat sizes look more effective on smaller windows and is less likely to interfere with handles.<br>Larger have a smaller stack height when fully raised and allow more light to enter the room when tilted to the open position and also provide higher levels of privacy when closed.','Slat Size',0),(12,'Tilt Controls',NULL,'Select tilt controls to the Left or to the Right. The tilt controls are used to open or close the blinds by adjusting the tilt of the slats.','Tilt Controls',0),(13,'Raise Lower Controls',NULL,'Select raise/lower controls to the left or Right. the raise/lower controls are used to open and close the blinds by stacking the blinds to the top of the window.','Raise Lower Controls',0),(14,'Hold Down Brackets',NULL,'Hold down brackets stop the blinds from moving around. They are attached to the bottom of the window recess so the bottom bar is located into the brackets.\r\n<b>There is an extra cost associated with this option</b>','Hold Down Brackets',0),(15,'Slat Size',NULL,'Select your preferred slatsize from the options below.<br />Smaller slat sizes look more effective on smaller windows and is less likely to interfere with handles.<br>Larger have a smaller stack height when fully raised and allow more light to enter the room when tilted to the open position and also provide higher levels of privacy when closed.','Slat Size',0),(16,'Finished Ends',NULL,'These blinds are cut down from standard sizes so the ends odf the slats will be the natural colour of the wood. This is not often a problem if the blinds are within a recess. If your blind is to be fitted outside the recess you may require the ends stained in the same colour as the slats.','Stained Cut Ends',0),(17,'Ladder',NULL,'For that added elegance and a touch of uniqueness, why not add ladder tapes to your blinds. Click the selected option below to add your choice of ladder tape to your blind.<b>The price will be adjusted to show the updated price</b>','Ladder',0),(18,'Recess or Exact',NULL,'If you want your blind to sit inside the window recess then select the recess measurement we will deduct 1.5cm from the width to ensure it fits neatly inside the recess<br/>\r\nIf you want us to make the blind exactly to the size you specify select the exact size. We will not make any deductions from the size.','Recess or Exact',0),(19,'Pelmet Returns',NULL,'The blind comes with a matching uncut pelmet. The pelmet will need to be trimmed to size if fitted within a recess. For blinds fitted outside of the recess you can have the pelmet mitred to suit.','Mitred Pelmet Returns',0),(20,'Slat Size',NULL,'Select your preferred slatsize from the options below.<br />Smaller slat sizes look more effective on smaller windows and is less likely to interfere with handles.<br>Larger have a smaller stack height when fully raised and allow more light to enter the room when tilted to the open position and also provide higher levels of privacy when closed.','35mm or 50mm Slat Size',0),(21,'Slat Size',NULL,'Select your preferred slatsize from the options below.<br />Smaller slat sizes look more effective on smaller windows and is less likely to interfere with handles.<br>Larger have a smaller stack height when fully raised and allow more light to enter the room when tilted to the open position and also provide higher levels of privacy when closed.','25mm or 50mm Slat Size',0),(22,'Slat Size',NULL,'Select your preferred slatsize from the options below.<br />Smaller slat sizes look more effective on smaller windows and is less likely to interfere with handles.<br>Larger have a smaller stack height when fully raised and allow more light to enter the room when tilted to the open position and also provide higher levels of privacy when closed.','50mm or 63mm Slat Size',0),(23,'Finished Ends',NULL,'These blinds are cut down from standard sizes so the ends odf the slats will be the natural colour of the wood. This is not often a problem if the blinds are within a recess. If your blind is to be fitted outside the recess you may require the ends stained in the same colour as the slats.','Stained Ends',0),(26,'Ladder',NULL,'ladder tapes for 50mm Timberlux','50mm Ladder Tapes',0),(27,'Ladder',NULL,'For that added elegance and a touch of uniqueness, why not add ladder tapes to your blinds. Click the selected option below to add your choice of ladder tape to your blind.<b>The price will be adjusted to show the updated price</b>','Ladder',0),(28,'Slat Size',NULL,'Select your preferred slatsize from the options below.<br />Smaller slat sizes look more effective on smaller windows and is less likely to interfere with handles.<br>Larger have a smaller stack height when fully raised and allow more light to enter the room when tilted to the open position and also provide higher levels of privacy when closed.','Sunwood Slat Sizes',0),(29,'Raise Lower Controls',NULL,'Select your preferred slatsize from the options below.<br />Smaller slat sizes look more effective on smaller windows and is less likely to interfere with handles.<br>Larger have a smaller stack height when fully raised and allow more light to enter the room when tilted to the open position and also provide higher levels of privacy when closed.','Tilt Controls',0),(30,'Tilt Controls',NULL,'Select tilt controls to the Left or to the Right. The tilt controls are used to open or close the blinds by adjusting the tilt of the slats.','Raise/Lower Controls',0),(31,'Controls',NULL,'You can select which side you would like your controls.<br />\r\n<h3>Raise/Lower</h3>\r\nThe raise/lower controls are used to  raise the whole blind by stacking the slats to the top of the window.<br />\r\n<h3>Tilt</h3>\r\nThe tilt control adjusts the angle of the slat to close or open the blind.\r\n<br />\r\nThe options for the controls are as follows:\r\n<ul>\r\n<li>Tilt controls to the Left with Raise Lower controls to the right</li>\r\n<li>Raise and Lower to the Left with Tilt controls to the right</li>\r\n<li>Both Controls to the Left</li>\r\n<li>Both Controls to the Right</li>\r\n</ul>\r\n<b>If the blind width is less than 45cm or more than 160cm, it will only come with standard controls(Tilt Left and Raise/Lower to the right)</b>','Control Position',0),(32,'Slat Size',NULL,'Available with 50mm and 64mm slat size.','Slat Size',0),(33,'Slat Size',NULL,'Select your preferred slatsize from the options below.<br />Smaller slat sizes look more effective on smaller windows and is less likely to interfere with handles.<br>Larger have a smaller stack height when fully raised and allow more light to enter the room when tilted to the open position and also provide higher levels of privacy when closed.','Slat Size',0),(35,'Slat Size',NULL,NULL,'Slat Size',0),(40,'Ladder',NULL,NULL,'Ladder Tape for Sunwood Soft Grain',0),(41,'Slat Size',NULL,NULL,'27mm or 50mm Slat Size',0),(42,'Slat Size',NULL,'Select your preferred slatsize from the options below.<br />Smaller slat sizes look more effective on smaller windows and is less likely to interfere with handles.<br>Larger have a smaller stack height when fully raised and allow more light to enter the room when tilted to the open position and also provide higher levels of privacy when closed.','38mm,50mm or 63mm',0),(43,'Slat Size',NULL,NULL,'50mm',0),(51,'Bracket Colour',NULL,'Choose colour of Brackets',NULL,0),(52,'Control Type',NULL,'Choose type of control',NULL,0),(53,'Chain Colour',NULL,'Choose colour',NULL,0),(54,'Side of Controls',NULL,'Choose the side of your chain control',NULL,0),(55,'Scallop',NULL,'Choose scallop shape',NULL,0),(56,'Braid',NULL,'Choose braid colour',NULL,0),(57,'Pole',NULL,'Choose your pole type',NULL,0),(58,'Decorative Toggle',NULL,NULL,NULL,0),(59,'Braid (no scallop)',NULL,'Choose braid colour',NULL,0),(60,'Measurement Type',NULL,'<p>Select which measurement type you would like to use.<a href=\"/measuring-and-fitting/\"> See Measuring Guide for More Details</a></p><h2>Recess Size</h2><p>The blind will be fitted inside the recess. We make the adjustments to the size you enter to ensure it fits neatly inside the recess.</p>\r\n<h2>Exact Blind Size - Outside Recess</h2>\r\n<p>The blind will be made to the exact measurements you enter. Select this is you want the blind to fit outside the recess<p><h2>Cloth Size</h2><p>The width of the actual fabric will be the size you enter. Select this if the fabric/cloth width is important. The overall blind will be larger than the size you enter.</p>',NULL,0),(61,'Fabric Direction',NULL,'Select the fabric direction to suit your requirements',NULL,0),(62,'Lining',NULL,'<p>select the lining for your roman blind</p>',NULL,0),(63,'Headrail',NULL,'<p>Select from deluxe or standard headrail</p>',NULL,0),(64,'Configuration',NULL,'<p>Select the configuration for your curtains</p><p>Would you like a pair of curtains or a single curtain?</p>',NULL,0),(65,'Heading',NULL,'<p>Select the type of heading</p><p>We have allowed for the recommended fullness or gathers in your curtains to make sure they will look perfect when hanging. Some curtain headings require more widths of curtain fabric and this is reflected in the prices below.</p>',NULL,0),(66,'Tiebacks',NULL,'<p>Select Tiebacks</p><p>Made to measure from the same fabric as your curtains to be the ideal size for your curtains.</p><p>Please note: if you have ordered a single curtain then you will receive a single tieback.</p>',NULL,0),(67,'Size',NULL,'<p>Please select the size of cushion you require</p>','Size of Cushion',0),(68,'Type',NULL,'<p>Please select the type of edging on the cushion</p>','Type of Edging',0),(69,'Pad',NULL,'<p>Please select the type of pad</p>','Type of Pad(Cushion)',0),(70,'Lining',NULL,'<p>select the lining for your curtains</p>',NULL,0),(71,'Eyelet Type',NULL,'<p>Select the size and finish for your eyelets from the options shown below.</p>','Eylet Type',0),(72,'Chain',NULL,NULL,'Chain',0);
/*!40000 ALTER TABLE `options` ENABLE KEYS */;
UNLOCK TABLES;

--
-- Table structure for table `product_option_groups`
--

DROP TABLE IF EXISTS `product_option_groups`;
/*!40101 SET @saved_cs_client     = @@character_set_client */;
/*!40101 SET character_set_client = utf8 */;
CREATE TABLE `product_option_groups` (
  `id` int(11) NOT NULL AUTO_INCREMENT,
  `option_group_id` int(11) DEFAULT NULL,
  `product_id` int(11) DEFAULT NULL,
  PRIMARY KEY (`id`)
) ENGINE=InnoDB AUTO_INCREMENT=3 DEFAULT CHARSET=latin1;
/*!40101 SET character_set_client = @saved_cs_client */;

--
-- Dumping data for table `product_option_groups`
--

LOCK TABLES `product_option_groups` WRITE;
/*!40000 ALTER TABLE `product_option_groups` DISABLE KEYS */;
INSERT INTO `product_option_groups` VALUES (1,11,396),(2,11,395);
/*!40000 ALTER TABLE `product_option_groups` ENABLE KEYS */;
UNLOCK TABLES;

--
-- Table structure for table `product_options`
--

DROP TABLE IF EXISTS `product_options`;
/*!40101 SET @saved_cs_client     = @@character_set_client */;
/*!40101 SET character_set_client = utf8 */;
CREATE TABLE `product_options` (
  `id` int(10) unsigned NOT NULL DEFAULT '0',
  `option_id` int(10) unsigned DEFAULT NULL,
  `product_id` int(10) unsigned DEFAULT NULL,
  `default_value_id` int(11) DEFAULT NULL,
  `sort_order` int(11) DEFAULT '0'
) ENGINE=InnoDB DEFAULT CHARSET=latin1;
/*!40101 SET character_set_client = @saved_cs_client */;

--
-- Dumping data for table `product_options`
--

LOCK TABLES `product_options` WRITE;
/*!40000 ALTER TABLE `product_options` DISABLE KEYS */;
/*!40000 ALTER TABLE `product_options` ENABLE KEYS */;
UNLOCK TABLES;

--
-- Table structure for table `product_type_fields`
--

DROP TABLE IF EXISTS `product_type_fields`;
/*!40101 SET @saved_cs_client     = @@character_set_client */;
/*!40101 SET character_set_client = utf8 */;
CREATE TABLE `product_type_fields` (
  `id` int(11) NOT NULL AUTO_INCREMENT,
  `name` varchar(20) DEFAULT NULL,
  `type` int(11) DEFAULT NULL,
  `product_types_id` int(11) DEFAULT NULL,
  `required` tinyint(4) DEFAULT '1',
  `value` varchar(20) DEFAULT NULL,
  PRIMARY KEY (`id`)
) ENGINE=InnoDB AUTO_INCREMENT=6 DEFAULT CHARSET=latin1;
/*!40101 SET character_set_client = @saved_cs_client */;

--
-- Dumping data for table `product_type_fields`
--

LOCK TABLES `product_type_fields` WRITE;
/*!40000 ALTER TABLE `product_type_fields` DISABLE KEYS */;
INSERT INTO `product_type_fields` VALUES (1,'width',1,1,1,'100'),(2,'drop',1,1,1,'100'),(3,'quantity',1,0,1,'1'),(4,'room',1,1,1,'room name'),(5,'length',1,14,1,NULL);
/*!40000 ALTER TABLE `product_type_fields` ENABLE KEYS */;
UNLOCK TABLES;

--
-- Table structure for table `product_types`
--

DROP TABLE IF EXISTS `product_types`;
/*!40101 SET @saved_cs_client     = @@character_set_client */;
/*!40101 SET character_set_client = utf8 */;
CREATE TABLE `product_types` (
  `id` int(10) unsigned NOT NULL,
  `name` varchar(100) DEFAULT NULL,
  `component` varchar(120) DEFAULT NULL,
  `description` varchar(50) DEFAULT NULL,
  `view` varchar(50) DEFAULT NULL,
  `url` varchar(100) DEFAULT NULL,
  `price_type_id` int(11) DEFAULT '1',
  `type` varchar(100) DEFAULT NULL
) ENGINE=InnoDB DEFAULT CHARSET=latin1;
/*!40101 SET character_set_client = @saved_cs_client */;

--
-- Dumping data for table `product_types`
--

LOCK TABLES `product_types` WRITE;
/*!40000 ALTER TABLE `product_types` DISABLE KEYS */;
INSERT INTO `product_types` VALUES (1,'venetian','GbProductManager','Venetian Blind','venetian',NULL,0,'venetian'),(2,'venetian','VenetianMatrixProductManager','Venetian Blind','venetian',NULL,0,'venetian'),(3,'venetian','ReadyMadeVenetianManager','Ready Made Venetain Blind','rm_venetian',NULL,0,'venetian'),(4,'accessory','AccessoryProductManager','Accessory','accessory',NULL,0,'accessory'),(5,'vertical','VerticalProductManager','Vertical Blind','vertical',NULL,13,'vertical'),(6,'roller','MtmRollerBlindManager','Roller Blind','roller',NULL,5,'roller'),(7,'roller','ClrmRollerManager','Roller Blind','roller',NULL,0,'roller'),(10,'roller','ReadyMadeRollerManager','Roller Blind','rm_roller_blinds',NULL,0,'roller'),(8,'venetian','VenetianMatrixProductManager','Aluminium Venetian Blind','venetian',NULL,1,'aluminium'),(11,'roman','RomanProductManager','Roman Blind','roman',NULL,11,'roman'),(12,'curtain','CurtainProductManager','Curtain','curtain',NULL,12,'curtain'),(13,'cushion','CushionProductManager','Cushion','cushion',NULL,11,'cushion'),(14,'pole','ReadyMadePoleManager','Curtain Pole','rm_pole',NULL,0,'curtain_pole'),(16,'roman','RomanProductManagerFabric','Roman Blind Supplied Fabric','roman_fabric',NULL,11,'roman'),(15,'accessory','BoxedProductManager','Pole Accessory','accessory',NULL,0,'accessory');
/*!40000 ALTER TABLE `product_types` ENABLE KEYS */;
UNLOCK TABLES;

--
-- Table structure for table `products`
--

DROP TABLE IF EXISTS `products`;
/*!40101 SET @saved_cs_client     = @@character_set_client */;
/*!40101 SET character_set_client = utf8 */;
CREATE TABLE `products` (
  `id` int(10) unsigned NOT NULL DEFAULT '0',
  `supplier_id` int(10) unsigned NOT NULL DEFAULT '0',
  `name` varchar(100) DEFAULT NULL,
  `sku` varchar(100) DEFAULT NULL,
  `is_stock_item` tinyint(1) unsigned DEFAULT '0',
  `is_discontinued_stock` tinyint(1) unsigned DEFAULT '0',
  `product_type_id` int(10) unsigned DEFAULT '1',
  `description` text,
  `image` varchar(100) DEFAULT NULL,
  `image_thumb` varchar(100) DEFAULT NULL,
  `keywords` text,
  `slug` varchar(255) DEFAULT NULL,
  `product_id` int(12) DEFAULT NULL,
  `short_name` varchar(30) DEFAULT NULL,
  `sort_order` int(3) DEFAULT '0'
) ENGINE=InnoDB DEFAULT CHARSET=latin1;
/*!40101 SET character_set_client = @saved_cs_client */;

--
-- Dumping data for table `products`
--

LOCK TABLES `products` WRITE;
/*!40000 ALTER TABLE `products` DISABLE KEYS */;
INSERT INTO `products` VALUES (3123,108,'28mm Allure Antique Brass Ball Curtain Pole','28mm-allure-antique-brass-ball-curtain-pole-curtain-pole',0,0,14,'Includes all fittings and fixings. Suitable for medium weight curtains.','28mm_allure_antique_brass_ball_curtain_pole.jpg','28mm_allure_antique_brass_ball_curtain_pole_thumb.jpg',NULL,'28mm-allure-antique-brass-ball-curtain_pole',9228,'Curtain Pole',0),(3124,108,'28mm Allure Antique Brass Ball Eyelet Curtain Pole','28mm-allure-antique-brass-ball-eyelet-curtain-pole-curtain-pole',0,0,14,'Includes all fittings and fixings. Suitable for medium weight curtains.','28mm_allure_antique_brass_ball_eyelet_curtain_pole.jpg','28mm_allure_antique_brass_ball_eyelet_curtain_pole_thumb.jpg',NULL,'28mm-allure-antique-brass-ball-eyelet-curtain_pole',9235,'Curtain Pole',0),(3125,108,'28mm Allure Black Nickel Ball Curtain Pole','28mm-allure-black-nickel-ball-curtain-pole-curtain-pole',0,0,14,'Includes all fittings and fixings. Suitable for medium weight curtains.','28mm_allure_black_nickel_ball_curtain_pole.jpg','28mm_allure_black_nickel_ball_curtain_pole_thumb.jpg',NULL,'28mm-allure-black-nickel-ball-curtain_pole',9233,'Curtain Pole',0),(3126,108,'28mm Allure Black Nickel Ball Eyelet Curtain Pole','28mm-allure-black-nickel-ball-eyelet-curtain-pole-curtain-pole',0,0,14,'Includes all fittings and fixings. Suitable for medium weight curtains.','28mm_allure_black_nickel_ball_eyelet_curtain_pole.jpg','28mm_allure_black_nickel_ball_eyelet_curtain_pole_thumb.jpg',NULL,'28mm-allure-black-nickel-ball-eyelet-curtain_pole',9234,'Curtain Pole',0),(3127,108,'28mm Allure Polished Chrome Ball Curtain Pole','28mm-allure-polished-chrome-ball-curtain-pole-curtain-pole',0,0,14,'Includes all fittings and fixings. Suitable for medium weight curtains.','28mm_allure_polished_chrome_ball_curtain_pole.jpg','28mm_allure_polished_chrome_ball_curtain_pole_thumb.jpg',NULL,'28mm-allure-polished-chrome-ball-curtain_pole',9229,'Curtain Pole',0),(3128,108,'28mm Allure Polished Chrome Ball Eyelet Curtain Pole','28mm-allure-polished-chrome-ball-eyelet-curtain-pole-curtain-pole',0,0,14,'Includes all fittings and fixings. Suitable for medium weight curtains.','28mm_allure_polished_chrome_ball_eyelet_curtain_pole.jpg','28mm_allure_polished_chrome_ball_eyelet_curtain_pole_thumb.jpg',NULL,'28mm-allure-polished-chrome-ball-eyelet-curtain_pole',9230,'Curtain Pole',0),(3129,108,'28mm Allure Stainless Steel Effect Ball Curtain Pole','28mm-allure-stainless-steel-effect-ball-curtain-pole-curtain-pole',0,0,14,'Includes all fittings and fixings. Suitable for medium weight curtains.','28mm_allure_stainless_steel_effect_ball_curtain_pole.jpg','28mm_allure_stainless_steel_effect_ball_curtain_pole_thumb.jpg',NULL,'28mm-allure-stainless-steel-effect-ball-curtain_pole',9231,'Curtain Pole',0),(3130,108,'28mm Allure Stainless Steel Effect Ball Eyelet Curtain Pole','28mm-allure-stainless-steel-effect-ball-eyelet-curtain-pole-curtain-pole',0,0,14,'Includes all fittings and fixings. Suitable for medium weight curtains.','28mm_allure_stainless_steel_effect_ball_eyelet_curtain_pole.jpg','28mm_allure_stainless_steel_effect_ball_eyelet_curtain_pole_thumb.jpg',NULL,'28mm-allure-stainless-steel-effect-ball-eyelet-curtain_pole',9232,'Curtain Pole',0),(3564,108,'28mm Allure Antique Brass Glass Bubbles Curtain Pole','28mm-allure-antique-brass-glass-bubbles-curtain-pole-curtain-pole',0,0,14,'Includes all fittings and fixings. Suitable for medium weight curtains.','28mm_allure_antique_brass_glass_bubbles_curtain_pole.jpg','28mm_allure_antique_brass_glass_bubbles_curtain_pole_thumb.jpg',NULL,'28mm-allure-antique-brass-glass-bubbles-curtain-pole-curtain-pole',9954,'Curtain Pole',0),(3565,108,'28mm Allure Antique Brass Glass Bubbles Eyelet Curtain Pole','28mm-allure-antique-brass-glass-bubbles-eyelet-curtain-pole-curtain-pole',0,0,14,'Includes all fittings and fixings. Suitable for medium weight curtains.','28mm_allure_antique_brass_glass_bubbles_eyelet_curtain_pole.jpg','28mm_allure_antique_brass_glass_bubbles_eyelet_curtain_pole_thumb.jpg',NULL,'28mm-allure-antique-brass-glass-bubbles-eyelet-curtain-pole-curtain-pole',9955,'Curtain Pole',0),(3566,108,'28mm Allure Polished Chrome Glass Bubbles Curtain Pole','28mm-allure-polished-chrome-glass-bubbles-curtain-pole-curtain-pole',0,0,14,'Includes all fittings and fixings. Suitable for medium weight curtains.','28mm_allure_polished_chrome_glass_bubbles_curtain_pole.jpg','28mm_allure_polished_chrome_glass_bubbles_curtain_pole_thumb.jpg',NULL,'28mm-allure-polished-chrome-glass-bubbles-curtain-pole-curtain-pole',9956,'Curtain Pole',0),(3567,108,'28mm Allure Polished Chrome Glass Bubbles Eyelet Curtain Pole','28mm-allure-polished-chrome-glass-bubbles-eyelet-curtain-pole-curtain-pole',0,0,14,'Includes all fittings and fixings. Suitable for medium weight curtains.','28mm_allure_polished_chrome_glass_bubbles_eyelet_curtain_pole.jpg','28mm_allure_polished_chrome_glass_bubbles_eyelet_curtain_pole_thumb.jpg',NULL,'28mm-allure-polished-chrome-glass-bubbles-eyelet-curtain-pole-curtain-pole',9957,'Curtain Pole',0),(3568,108,'28mm Allure Stainless Steel Effect Glass Bubbles Curtain Pole','28mm-allure-stainless-steel-effect-glass-bubbles-curtain-pole-curtain-pole',0,0,14,'Includes all fittings and fixings. Suitable for medium weight curtains.','28mm_allure_stainless_steel_effect_glass_bubbles_curtain_pole.jpg','28mm_allure_stainless_steel_effect_glass_bubbles_curtain_pole_thumb.jpg',NULL,'28mm-allure-stainless-steel-effect-glass-bubbles-curtain-pole-curtain-pole',9958,'Curtain Pole',0),(3569,108,'28mm Allure Stainless Steel Effect Glass Bubbles Eyelet Curtain Pole','28mm-allure-stainless-steel-effect-glass-bubbles-eyelet-curtain-pole-curtain-pole',0,0,14,'Includes all fittings and fixings. Suitable for medium weight curtains.','28mm_allure_stainless_steel_effect_glass_bubbles_eyelet_curtain_pole.jpg','28mm_allure_stainless_steel_effect_glass_bubbles_eyelet_curtain_pole_thumb.jpg',NULL,'28mm-allure-stainless-steel-effect-glass-bubbles-eyelet-curtain-pole-curtain-pole',9959,'Curtain Pole',0),(3570,108,'28mm Allure Black Nickel Glass Bubbles Curtain Pole','28mm-allure-black-nickel-glass-bubbles-curtain-pole-curtain-pole',0,0,14,'Includes all fittings and fixings. Suitable for medium weight curtains.','28mm_allure_black_nickel_glass_bubbles_curtain_pole.jpg','28mm_allure_black_nickel_glass_bubbles_curtain_pole_thumb.jpg',NULL,'28mm-allure-black-nickel-glass-bubbles-curtain-pole-curtain-pole',9960,'Curtain Pole',0),(3571,108,'28mm Allure Black Nickel Glass Bubbles Eyelet Curtain Pole','28mm-allure-black-nickel-glass-bubbles-eyelet-curtain-pole-curtain-pole',0,0,14,'Includes all fittings and fixings. Suitable for medium weight curtains.','28mm_allure_black_nickel_glass_bubbles_eyelet_curtain_pole.jpg','28mm_allure_black_nickel_glass_bubbles_eyelet_curtain_pole_thumb.jpg',NULL,'28mm-allure-black-nickel-glass-bubbles-eyelet-curtain-pole-curtain-pole',9961,'Curtain Pole',0),(3572,108,'28mm Allure Antique Brass Ribbed Ball Curtain Pole','28mm-allure-antique-brass-ribbed-ball-curtain-pole-curtain-pole',0,0,14,'Includes all fittings and fixings. Suitable for medium weight curtains.','28mm_allure_antique_brass_ribbed_ball_curtain_pole.jpg','28mm_allure_antique_brass_ribbed_ball_curtain_pole_thumb.jpg',NULL,'28mm-allure-antique-brass-ribbed-ball-curtain-pole-curtain-pole',9962,'Curtain Pole',0),(3573,108,'28mm Allure Antique Brass Ribbed Ball Eyelet Curtain Pole','28mm-allure-antique-brass-ribbed-ball-eyelet-curtain-pole-curtain-pole',0,0,14,'Includes all fittings and fixings. Suitable for medium weight curtains.','28mm_allure_antique_brass_ribbed_ball_eyelet_curtain_pole.jpg','28mm_allure_antique_brass_ribbed_ball_eyelet_curtain_pole_thumb.jpg',NULL,'28mm-allure-antique-brass-ribbed-ball-eyelet-curtain-pole-curtain-pole',9963,'Curtain Pole',0),(3574,108,'28mm Allure Polished Chrome Ribbed Ball Curtain Pole','28mm-allure-polished-chrome-ribbed-ball-curtain-pole-curtain-pole',0,0,14,'Includes all fittings and fixings. Suitable for medium weight curtains.','28mm_allure_polished_chrome_ribbed_ball_curtain_pole.jpg','28mm_allure_polished_chrome_ribbed_ball_curtain_pole_thumb.jpg',NULL,'28mm-allure-polished-chrome-ribbed-ball-curtain-pole-curtain-pole',9964,'Curtain Pole',0),(3575,108,'28mm Allure Polished Chrome Ribbed Ball Eyelet Curtain Pole','28mm-allure-polished-chrome-ribbed-ball-eyelet-curtain-pole-curtain-pole',0,0,14,'Includes all fittings and fixings. Suitable for medium weight curtains.','28mm_allure_polished_chrome_ribbed_ball_eyelet_curtain_pole.jpg','28mm_allure_polished_chrome_ribbed_ball_eyelet_curtain_pole_thumb.jpg',NULL,'28mm-allure-polished-chrome-ribbed-ball-eyelet-curtain-pole-curtain-pole',9965,'Curtain Pole',0),(3576,108,'28mm Allure Stainless Steel Effect Ribbed Ball Curtain Pole','28mm-allure-stainless-steel-effect-ribbed-ball-curtain-pole-curtain-pole',0,0,14,'Includes all fittings and fixings. Suitable for medium weight curtains.','28mm_allure_stainless_steel_effect_ribbed_ball_curtain_pole.jpg','28mm_allure_stainless_steel_effect_ribbed_ball_curtain_pole_thumb.jpg',NULL,'28mm-allure-stainless-steel-effect-ribbed-ball-curtain-pole-curtain-pole',9966,'Curtain Pole',0),(3577,108,'28mm Allure Stainless Steel Effect Ribbed Ball Eyelet Curtain Pole','28mm-allure-stainless-steel-effect-ribbed-ball-eyelet-curtain-pole-curtain-pole',0,0,14,'Includes all fittings and fixings. Suitable for medium weight curtains.','28mm_allure_stainless_steel_effect_ribbed_ball_eyelet_curtain_pole.jpg','28mm_allure_stainless_steel_effect_ribbed_ball_eyelet_curtain_pole_thumb.jpg',NULL,'28mm-allure-stainless-steel-effect-ribbed-ball-eyelet-curtain-pole-curtain-pole',9967,'Curtain Pole',0),(3578,108,'28mm Allure Black Nickel Ribbed Ball Curtain Pole','28mm-allure-black-nickel-ribbed-ball-curtain-pole-curtain-pole',0,0,14,'Includes all fittings and fixings. Suitable for medium weight curtains.','28mm_allure_black_nickel_ribbed_ball_curtain_pole.jpg','28mm_allure_black_nickel_ribbed_ball_curtain_pole_thumb.jpg',NULL,'28mm-allure-black-nickel-ribbed-ball-curtain-pole-curtain-pole',9968,'Curtain Pole',0),(3579,108,'28mm Allure Black Nickel Ribbed Ball Eyelet Curtain Pole','28mm-allure-black-nickel-ribbed-ball-eyelet-curtain-pole-curtain-pole',0,0,14,'Includes all fittings and fixings. Suitable for medium weight curtains.','28mm_allure_black_nickel_ribbed_ball_eyelet_curtain_pole.jpg','28mm_allure_black_nickel_ribbed_ball_eyelet_curtain_pole_thumb.jpg',NULL,'28mm-allure-black-nickel-ribbed-ball-eyelet-curtain-pole-curtain-pole',9969,'Curtain Pole',0),(377,15,'GB Designer Black with Tapes','designer-black-with-tapes-venetian-blind',1,0,1,'With a black painted finish this blind is made from basswood which is both light and sturdy. It features colour coordinated ladder tapes which adds a designer touch as well as matching wooden pelmet and bottom bar. Controls consist of  cord operated tilt controls to the left and raise and lower controls to the right. ','tbd_designer_black.jpg','tbd_designer_black_thumb.jpg',NULL,'gb-designer-black-with-tapes-venetian-blind',2237,'Venetian Blind',10000),(378,15,'GB Designer Bronzed Oak with Tapes','designer-bronzed-oak-with-tapes-venetian-blind',1,0,1,'With a bronzed oak stained finish this blind is made from basswood which is both light and sturdy. It features colour coordinated ladder tapes which adds a designer touch as well as matching wooden pelmet and bottom bar. Controls consist of  cord operated tilt controls to the left and raise and lower controls to the right. ','tbd_designer_bronzed_oak.jpg','tbd_designer_bronzed_oak_thumb.jpg',NULL,'gb-designer-bronzed-oak-with-tapes-venetian-blind',2238,'Venetian Blind',10000),(379,15,'GB Designer Classic Cream with Tapes','designer-classic-cream-with-tapes-venetian-blind',1,0,1,'With a cream painted finish this blind is made from basswood which is both light and sturdy. It features colour coordinated ladder tapes which adds a designer touch as well as matching wooden pelmet and bottom bar. Controls consist of  cord operated tilt controls to the left and raise and lower controls to the right. ','tbd_designer_classic_cream.jpg','tbd_designer_classic_cream_thumb.jpg',NULL,'gb-designer-classic-cream-with-tapes-venetian-blind',2239,'Venetian Blind',10000),(380,15,'GB Designer Deep Wenge with Tapes','designer-deep-wenge-with-tapes-venetian-blind',1,0,1,'With a deep wenge stained finish this blind is made from basswood which is both light and sturdy. It features colour coordinated ladder tapes which adds a designer touch as well as matching wooden pelmet and bottom bar. Controls consist of  cord operated tilt controls to the left and raise and lower controls to the right. ','tbd_designer_deep_wenge.jpg','tbd_designer_deep_wenge_thumb.jpg',NULL,'gb-designer-deep-wenge-with-tapes-venetian-blind',2240,'Venetian Blind',10000),(381,15,'GB Designer Medium Oak with Tapes','designer-medium-oak-with-tapes-venetian-blind',1,0,1,'Finished in a natural medium oak stain this blind is made from basswood which is both light and sturdy. It features colour coordinated ladder tapes which adds a designer touch as well as matching wooden pelmet and bottom bar. Controls consist of  cord operated tilt controls to the left and raise and lower controls to the right. ','tbd_designer_medium_oak.jpg','tbd_designer_medium_oak_thumb.jpg',NULL,'gb-designer-medium-oak-with-tapes-venetian-blind',2241,'Venetian Blind',10000),(382,15,'GB Designer Piano White with Tapes','designer-piano-white-with-tapes-venetian-blind',1,0,1,'This blind is finished in a brilliant piano white high gloss painted finish. Made from basswood which is both light and sturdy. It features colour coordinated ladder tapes which adds a designer touch as well as matching wooden pelmet and bottom bar. Controls consist of  cord operated tilt controls to the left and raise and lower controls to the right. ','tbd_designer_piano_white.jpg','tbd_designer_piano_white_thumb.jpg',NULL,'gb-designer-piano-white-with-tapes-venetian-blind',2242,'Venetian Blind',10000),(383,15,'GB Designer Simply Natural with Tapes','designer-simply-natural-with-tapes-venetian-blind',1,0,1,'Simply natural is a good description of the finish of this wooden blind made from basswood which is both light and sturdy. It features colour coordinated ladder tapes which adds a designer touch as well as matching wooden pelmet and bottom bar. Controls consist of cord operated tilt controls to the left and raise and lower controls to the right. ','tbd_designer_simply_natural.jpg','tbd_designer_simply_natural_thumb.jpg',NULL,'gb-designer-simply-natural-with-tapes-venetian-blind',2243,'Venetian Blind',10000),(384,15,'GB Designer Simply White with Tapes','designer-simply-white-with-tapes-venetian-blind',1,0,1,'Simply white is what best describes the colour of this wooden blind painted in a clean matt white finish, this blind is made from basswood which is both light and sturdy. It features colour coordinated ladder tapes which adds a designer touch as well as matching wooden pelmet and bottom bar. Controls consist of cord operated tilt controls to the left and raise and lower controls to the right. ','tbd_designer_simply_white.jpg','tbd_designer_simply_white_thumb.jpg',NULL,'gb-designer-simply-white-with-tapes-venetian-blind',2244,'Venetian Blind',10000),(385,15,'GB Designer Smooth Alabaster with Tapes','designer-smooth-alabaster-with-tapes-venetian-blind',1,0,1,'Finished in our smooth alabaster matt finish. This blind is made from basswood which is both light and sturdy. It features colour coordinated ladder tapes which adds a designer touch as well as matching wooden pelmet and bottom bar. Controls consist of cord operated tilt controls to the left and raise and lower controls to the right. ','tbd_designer_smooth_alabaster.jpg','tbd_designer_smooth_alabaster_thumb.jpg',NULL,'gb-designer-smooth-alabaster-with-tapes-venetian-blind',2245,'Venetian Blind',10000),(386,15,'GB Designer Walnut with Tapes','designer-walnut-with-tapes-venetian-blind',1,0,1,'With it\'s dark walnut stained finish showing off the wonderful texture and grain of the woode it is  made from basswood which is both light and sturdy. It features colour coordinated ladder tapes which adds a designer touch as well as matching wooden pelmet and bottom bar. Controls consist of cord operated tilt controls to the left and raise and lower controls to the right. ','tbd_designer_walnut.jpg','tbd_designer_walnut_thumb.jpg',NULL,'gb-designer-walnut-with-tapes-venetian-blind',2246,'Venetian Blind',10000),(387,15,'GB Premier Black','premier-black-venetian-blind',1,0,1,'With a black painted finish this blind is made from basswood which is both light and sturdy. Part of our premier range of wooden blinds it features colour coordinated ladder cords with a matching wooden pelmet and bottom bar. Controls consist of  cord operated tilt controls to the left and raise and lower controls to the right. ','tbd_premier_black.jpg','tbd_premier_black_thumb.jpg',NULL,'gb-premier-black-venetian-blind',2247,'Venetian Blind',10000),(388,15,'GB Premier Bronzed Oak','premier-bronzed-oak-venetian-blind',1,0,1,'With a warm bronzed oak stained finish this blind is made from basswood which is both light and sturdy. Part of our premier range of wooden blinds it features colour coordinated ladder cords with a matching wooden pelmet and bottom bar. Controls consist of  cord operated tilt controls to the left and raise and lower controls to the right. ','tbd_premier_bronzed_oak.jpg','tbd_premier_bronzed_oak_thumb.jpg',NULL,'gb-premier-bronzed-oak-venetian-blind',2248,'Venetian Blind',10000),(389,15,'GB Premier Classic Cream','premier-classic-cream-venetian-blind',1,0,1,'Finished in a simple cream painted finish this blind is made from basswood which is both light and sturdy. Part of our premier range of wooden blinds the class cream features colour coordinated ladder cords with a matching wooden pelmet and bottom bar. Controls consist of  cord operated tilt controls to the left and raise and lower controls to the right. ','tbd_premier_classic_cream.jpg','tbd_premier_classic_cream_thumb.jpg',NULL,'gb-premier-classic-cream-venetian-blind',2249,'Venetian Blind',10000),(390,15,'GB Premier Deep Wenge','premier-deep-wenge-venetian-blind',1,0,1,'With a deep wenge stained finish this blind is made from basswood which is both light and sturdy. Part of our premier range of wooden blinds it features colour coordinated ladder cords with a matching wooden pelmet and bottom bar. Controls consist of  cord operated tilt controls to the left and raise and lower controls to the right. ','tbd_premier_deep_wenge.jpg','tbd_premier_deep_wenge_thumb.jpg',NULL,'gb-premier-deep-wenge-venetian-blind',2250,'Venetian Blind',10000),(391,15,'GB Premier Medium Oak','premier-medium-oak-venetian-blind',1,0,1,'Finished in a stained medium oak finish this blind is made from basswood which is both light and sturdy. Part of our premier range of wooden blinds it features colour coordinated ladder cords with a matching wooden pelmet and bottom bar. Controls consist of  cord operated tilt controls to the left and raise and lower controls to the right. ','tbd_premier_medium_oak.jpg','tbd_premier_medium_oak_thumb.jpg',NULL,'gb-premier-medium-oak-venetian-blind',2251,'Venetian Blind',10000),(392,15,'GB Premier Piano Black High Gloss','premier-piano-black-high-gloss-venetian-blind',1,0,1,'An high gloss piano black painted finish this blind is made from basswood which is both light and sturdy. Part of our premier range of wooden blinds it features colour coordinated ladder cords with a matching wooden pelmet and bottom bar. Controls consist of  cord operated tilt controls to the left and raise and lower controls to the right. ','tbd_premier_piano_black_high_gloss.jpg','tbd_premier_piano_black_high_gloss_thumb.jpg',NULL,'gb-premier-piano-black-high-gloss-venetian-blind',2252,'Venetian Blind',10000),(393,15,'GB Premier Piano White High Gloss','premier-piano-white-high-gloss-venetian-blind',1,0,1,'An high gloss piano white painted finish this blind is made from basswood which is both light and sturdy. Part of our premier range of wooden blinds it features colour coordinated ladder cords with a matching wooden pelmet and bottom bar. Controls consist of  cord operated tilt controls to the left and raise and lower controls to the right. ','tbd_premier_piano_white_high_gloss.jpg','tbd_premier_piano_white_high_gloss_thumb.jpg',NULL,'gb-premier-piano-white-high-gloss-venetian-blind',2253,'Venetian Blind',10000),(394,15,'GB Premier Real Oak','premier-real-oak-venetian-blind',1,0,1,'Manufactured from real oak this blind reveals the full texture and grain to the maximum effect made from real oak it is part of our premier range of wooden blinds it features colour coordinated ladder cords with a matching wooden pelmet and bottom bar. Controls consist of  cord operated tilt controls to the left and raise and lower controls to the right. ','tbd_premier_real_oak_natural.jpg','tbd_premier_real_oak_natural_thumb.jpg',NULL,'gb-premier-real-oak-venetian-blind',2254,'Venetian Blind',10000),(395,15,'GB Premier Simply Natural','premier-simply-natural-venetian-blind',1,0,1,'Stained in a simply natural finish this blind is made from basswood which is both light and sturdy. Part of our premier range of wooden blinds it features colour coordinated ladder cords with a matching wooden pelmet and bottom bar. Controls consist of  cord operated tilt controls to the left and raise and lower controls to the right. ','tbd_premier_simply_natural.jpg','tbd_premier_simply_natural_thumb.jpg',NULL,'gb-premier-simply-natural-venetian-blind',2255,'Venetian Blind',10000),(396,15,'GB Premier Simply White','premier-simply-white-venetian-blind',1,0,1,'Finished in a simple white matt finish this blind is made from basswood which is both light and sturdy. Part of our premier range of wooden blinds it features colour coordinated ladder cords with a matching wooden pelmet and bottom bar. Controls consist of  cord operated tilt controls to the left and raise and lower controls to the right. ','tbd_premier_simply_white.jpg','tbd_premier_simply_white_thumb.jpg',NULL,'gb-premier-simply-white-venetian-blind',2256,'Venetian Blind',10000),(397,15,'GB Premier Smooth Alabaster','premier-smooth-alabaster-venetian-blind',1,0,1,'Painted in a smooth alabaster matt finish this blind is made from basswood which is both light and sturdy. Part of our premier range of wooden blinds it features colour coordinated ladder cords with a matching wooden pelmet and bottom bar. Controls consist of  cord operated tilt controls to the left and raise and lower controls to the right. ','tbd_premier_smooth_alabaster.jpg','tbd_premier_smooth_alabaster_thumb.jpg',NULL,'gb-premier-smooth-alabaster-venetian-blind',2257,'Venetian Blind',10000),(398,15,'GB Premier Walnut','premier-walnut-venetian-blind',1,0,1,'This dark walnut stained finish wooden blind is made from basswood which is both light and sturdy. Part of our premier range of wooden blinds it features colour coordinated ladder cords with a matching wooden pelmet and bottom bar. Controls consist of  cord operated tilt controls to the left and raise and lower controls to the right. ','tbd_premier_walnut.jpg','tbd_premier_walnut_thumb.jpg',NULL,'gb-premier-walnut-venetian-blind',2258,'Venetian Blind',10000),(3955,15,'Premier Pure White','premier-pure-white-venetian-blind',1,0,1,'A Pure white painted wooden venetian blind in a satin finish, has matching wooden pelmet and bottom bar, cord operated lift and raise lower controls.','tbd_premier_pure_white.jpg','tbd_premier_pure_white_thumb.jpg',NULL,'premier-pure-white-venetian-blind',2743,'Venetian Blind',0),(3956,15,'Designer Pure White with Tapes','designer-pure-white-with-tapes-venetian-blind',1,0,1,'Pure White painted wooden venetian blind in a satin finish with colour coordinated matching tapes, has matching wooden pelmet and bottom bar, cord operated lift and raise lower controls.','tbd_designer_pure_white.jpg','tbd_designer_pure_white_thumb.jpg',NULL,'designer-pure-white-with-tapes-venetian-blind',2744,'Venetian Blind',0);
/*!40000 ALTER TABLE `products` ENABLE KEYS */;
UNLOCK TABLES;

--
-- Table structure for table `site_products`
--

DROP TABLE IF EXISTS `site_products`;
/*!40101 SET @saved_cs_client     = @@character_set_client */;
/*!40101 SET character_set_client = utf8 */;
CREATE TABLE `site_products` (
  `id` int(11) NOT NULL AUTO_INCREMENT,
  `site_id` int(11) NOT NULL,
  `product_id` int(11) NOT NULL,
  `status` int(11) NOT NULL,
  PRIMARY KEY (`id`)
) ENGINE=InnoDB AUTO_INCREMENT=49 DEFAULT CHARSET=latin1;
/*!40101 SET character_set_client = @saved_cs_client */;

--
-- Dumping data for table `site_products`
--

LOCK TABLES `site_products` WRITE;
/*!40000 ALTER TABLE `site_products` DISABLE KEYS */;
INSERT INTO `site_products` VALUES (1,12,3123,0),(2,12,3124,0),(3,12,3125,0),(4,12,3126,0),(5,12,3127,0),(6,12,3128,0),(7,12,3129,0),(8,12,3130,0),(9,12,3564,0),(10,12,3565,0),(11,12,3566,0),(12,12,3567,0),(13,12,3568,0),(14,12,3569,0),(15,12,3570,0),(16,12,3571,0),(17,12,3572,0),(18,12,3573,0),(19,12,3574,0),(20,12,3575,0),(21,12,3576,0),(22,12,3577,0),(23,12,3578,0),(24,12,3579,0),(25,12,377,0),(26,12,378,0),(27,12,379,0),(28,12,380,0),(29,12,381,0),(30,12,382,0),(31,12,383,0),(32,12,384,0),(33,12,385,0),(34,12,386,0),(35,12,387,0),(36,12,388,0),(37,12,389,0),(38,12,390,0),(39,12,391,0),(40,12,392,0),(41,12,393,0),(42,12,394,0),(43,12,395,0),(44,12,396,0),(45,12,397,0),(46,12,398,0),(47,12,3955,0),(48,12,3956,0);
/*!40000 ALTER TABLE `site_products` ENABLE KEYS */;
UNLOCK TABLES;

--
-- Table structure for table `special_offers`
--

DROP TABLE IF EXISTS `special_offers`;
/*!40101 SET @saved_cs_client     = @@character_set_client */;
/*!40101 SET character_set_client = utf8 */;
CREATE TABLE `special_offers` (
  `id` int(11) NOT NULL AUTO_INCREMENT,
  `title` varchar(200) DEFAULT NULL,
  `description` text,
  `site_id` int(11) NOT NULL DEFAULT '0',
  `product_id` int(11) NOT NULL,
  `product_type_id` int(11) NOT NULL DEFAULT '0',
  `price_rule_id` int(11) NOT NULL,
  `start` datetime DEFAULT NULL,
  `end` datetime DEFAULT NULL,
  `status` int(11) DEFAULT '1',
  PRIMARY KEY (`id`)
) ENGINE=MyISAM AUTO_INCREMENT=2 DEFAULT CHARSET=latin1;
/*!40101 SET character_set_client = @saved_cs_client */;

--
-- Dumping data for table `special_offers`
--

LOCK TABLES `special_offers` WRITE;
/*!40000 ALTER TABLE `special_offers` DISABLE KEYS */;
INSERT INTO `special_offers` VALUES (1,'A Special Offer','A very special offer',0,396,0,1,'2015-02-11 00:00:00','2015-04-30 00:00:00',1);
/*!40000 ALTER TABLE `special_offers` ENABLE KEYS */;
UNLOCK TABLES;
/*!40103 SET TIME_ZONE=@OLD_TIME_ZONE */;

/*!40101 SET SQL_MODE=@OLD_SQL_MODE */;
/*!40014 SET FOREIGN_KEY_CHECKS=@OLD_FOREIGN_KEY_CHECKS */;
/*!40014 SET UNIQUE_CHECKS=@OLD_UNIQUE_CHECKS */;
/*!40101 SET CHARACTER_SET_CLIENT=@OLD_CHARACTER_SET_CLIENT */;
/*!40101 SET CHARACTER_SET_RESULTS=@OLD_CHARACTER_SET_RESULTS */;
/*!40101 SET COLLATION_CONNECTION=@OLD_COLLATION_CONNECTION */;
/*!40111 SET SQL_NOTES=@OLD_SQL_NOTES */;

-- Dump completed on 2015-03-15 14:47:05
